Workbook

Sheet CÀLCUL QUANTITATS VOLUM
A1: CÀLCUL QUANTITATS PER VOLUM | K1: CÀRREGA MÀQUINA | P1: KPM 800 MAX - Neteja partícules | R1: REQUERIMENTS SUPERFÍCIALS | X1: KPM 800 MAX - Neteja partícules
P3: =SUMIF(I11:I1048576,X1,Q11:Q1048576) -> 1.1295883 | X3: =SUMIF(I11:I1048576,X1,Q11:Q1048576) -> 1.1295883
R8: DESENGREIX | S8: NETEJA | W8: OLIAT
A9: INFO COMERCIAL | D9: CARACTERÍSTIQUES FÍSIQUES PEÇA | K9: PRODUCTIVITAT | R9: N·m-1 | S9: Mida partícula (µm) | V9: Gravimetria | X9: Comentari
A10: Oferta | B10: Ref | C10: Volum anual | D10: a(mm) | E10: b(mm) | F10: h(mm) | G10: Pes net peça (kg) | H10: V(mm3) | I10: Màquina/Embalatge | J10: Coef. Seguretat | K10: Qtt per gàbia teòric | L10: Pes per cicle teoric (kg) | M10: Pes per cicle real ( kg ) | N10: Qtt real per gàbia real | O10: Qtt per cicle | P10: Prod/h real | Q10: Capacitat màquina | R10: Tensió superficial | S10: Hard Metallic | T10: Hard Non-Metallic | U10: Fibres | V10: Residu en mg/100g peça | W10: SI/NO | Y10: HORES | Z10: Estalvi h | AA10: € MOD
A11: 092/21 | B11: A014Y303 | C11: 386642 | D11: 95 | E11: 105 | F11: 17 | G11: 0.08843 | H11: =F11*E11*D11 -> 169575 | I11: Màquina perclor ( VAIOC ) | J11: 0.7 | K11: =IFERROR((VLOOKUP(I11,'DADES VOLUMS'!$A$3:$J$1005,5,FALSE))/('CÀLCUL QUANTITATS VOLUM'!H11)*('CÀLCUL QUANTITATS VOLUM'!J11),"") -> 743.03406 | L11: =IFERROR(G11*K11*VLOOKUP(I11,'DADES VOLUMS'!$A$3:$J$1005,6,FALSE),"") -> 65.706502 | M11: =IFERROR(IF(L11>VLOOKUP(I11,'DADES VOLUMS'!$A$3:$J$1005,9,FALSE),VLOOKUP(I11,'DADES VOLUMS'!$A$3:$J$1005,9,FALSE),L11),"") -> 65.706502 | N11: =IFERROR(K11*M11/L11,"") -> 743.03406 | O11: =IFERROR(N11*VLOOKUP(I11,'DADES VOLUMS'!$A$3:$J$1005,6,FALSE),"") -> 743.03406 | P11: =IFERROR(O11*VLOOKUP(I11,'DADES VOLUMS'!$A$3:$J$1005,8,FALSE),"") -> 3715.1703 | Q11: =IFERROR(C11/P11/5400,"") -> 0.019272433
B12: A014Y303 | C12: 386642 | D12: 95 | E12: 105 | F12: 29.5 | G12: 0.08843 | H12: =F12*E12*D12 -> 294262.5 | I12: Màquina perclor ( VAIOC ) | J12: 0.7 | K12: =IFERROR((VLOOKUP(I12,'DADES VOLUMS'!$A$3:$J$1005,5,FALSE))/('CÀLCUL QUANTITATS VOLUM'!H12)*('CÀLCUL QUANTITATS VOLUM'!J12),"") -> 428.18912 | L12: =IFERROR(G12*K12*VLOOKUP(I12,'DADES VOLUMS'!$A$3:$J$1005,6,FALSE),"") -> 37.864764 | M12: =IFERROR(IF(L12>VLOOKUP(I12,'DADES VOLUMS'!$A$3:$J$1005,9,FALSE),VLOOKUP(I12,'DADES VOLUMS'!$A$3:$J$1005,9,FALSE),L12),"") -> 37.864764 | N12: =IFERROR(K12*M12/L12,"") -> 428.18912 | O12: =IFERROR(N12*VLOOKUP(I12,'DADES VOLUMS'!$A$3:$J$1005,6,FALSE),"") -> 428.18912 | P12: =IFERROR(O12*VLOOKUP(I12,'DADES VOLUMS'!$A$3:$J$1005,8,FALSE),"") -> 2140.9456 | Q12: =IFERROR(C12/P12/5400,"") -> 0.03344334
A13: 141/21 | B13: 6411574 | C13: 1100000 | D13: 75 | E13: 77 | F13: 20 | G13: 0.05122 | H13: =F13*E13*D13 -> 115500 | I13: Màquina perclor ( VAIOC ) | J13: 0.7 | K13: =IFERROR((VLOOKUP(I13,'DADES VOLUMS'!$A$3:$J$1005,5,FALSE))/('CÀLCUL QUANTITATS VOLUM'!H13)*('CÀLCUL QUANTITATS VOLUM'!J13),"") -> 1090.9091 | L13: =IFERROR(G13*K13*VLOOKUP(I13,'DADES VOLUMS'!$A$3:$J$1005,6,FALSE),"") -> 55.876364 | M13: =IFERROR(IF(L13>VLOOKUP(I13,'DADES VOLUMS'!$A$3:$J$1005,9,FALSE),VLOOKUP(I13,'DADES VOLUMS'!$A$3:$J$1005,9,FALSE),L13),"") -> 55.876364 | N13: =IFERROR(K13*M13/L13,"") -> 1090.9091 | O13: =IFERROR(N13*VLOOKUP(I13,'DADES VOLUMS'!$A$3:$J$1005,6,FALSE),"") -> 1090.9091 | P13: =IFERROR(O13*VLOOKUP(I13,'DADES VOLUMS'!$A$3:$J$1005,8,FALSE),"") -> 5454.5455 | Q13: =IFERROR(C13/P13/5400,"") -> 0.037345679
B14: 51006731 | D14: 151 | E14: 54.8 | F14: 26.3 | G14: 0.1 | H14: =F14*E14*D14 -> 217627.24 | I14: Màquina perclor ( VAIOC ) | K14: =IFERROR((VLOOKUP(I14,'DADES VOLUMS'!$A$3:$J$1005,5,FALSE))/('CÀLCUL QUANTITATS VOLUM'!H14)*('CÀLCUL QUANTITATS VOLUM'!J14),"") -> 0 | L14: =IFERROR(G14*K14*VLOOKUP(I14,'DADES VOLUMS'!$A$3:$J$1005,6,FALSE),"") -> 0 | M14: =IFERROR(IF(L14>VLOOKUP(I14,'DADES VOLUMS'!$A$3:$J$1005,9,FALSE),VLOOKUP(I14,'DADES VOLUMS'!$A$3:$J$1005,9,FALSE),L14),"") -> 0 | N14: =IFERROR(K14*M14/L14,"") | O14: =IFERROR(N14*VLOOKUP(I14,'DADES VOLUMS'!$A$3:$J$1005,6,FALSE),"") | P14: =IFERROR(O14*VLOOKUP(I14,'DADES VOLUMS'!$A$3:$J$1005,8,FALSE),"") | Q14: =IFERROR(C14/P14/5400,"")
B15: 51006729 | D15: 187.9 | E15: 109.5 | F15: 30 | G15: 0.239 | H15: =F15*E15*D15 -> 617251.5 | I15: Màquina perclor ( VAIOC ) | K15: =IFERROR((VLOOKUP(I15,'DADES VOLUMS'!$A$3:$J$1005,5,FALSE))/('CÀLCUL QUANTITATS VOLUM'!H15)*('CÀLCUL QUANTITATS VOLUM'!J15),"") -> 0 | L15: =IFERROR(G15*K15*VLOOKUP(I15,'DADES VOLUMS'!$A$3:$J$1005,6,FALSE),"") -> 0 | M15: =IFERROR(IF(L15>VLOOKUP(I15,'DADES VOLUMS'!$A$3:$J$1005,9,FALSE),VLOOKUP(I15,'DADES VOLUMS'!$A$3:$J$1005,9,FALSE),L15),"") -> 0 | N15: =IFERROR(K15*M15/L15,"") | O15: =IFERROR(N15*VLOOKUP(I15,'DADES VOLUMS'!$A$3:$J$1005,6,FALSE),"") | P15: =IFERROR(O15*VLOOKUP(I15,'DADES VOLUMS'!$A$3:$J$1005,8,FALSE),"") | Q15: =IFERROR(C15/P15/5400,"")
B16: 51006612 | D16: 184 | E16: 103 | F16: 52.48 | G16: 0.205 | H16: =F16*E16*D16 -> 994600.96 | I16: Màquina perclor ( VAIOC ) | K16: =IFERROR((VLOOKUP(I16,'DADES VOLUMS'!$A$3:$J$1005,5,FALSE))/('CÀLCUL QUANTITATS VOLUM'!H16)*('CÀLCUL QUANTITATS VOLUM'!J16),"") -> 0 | L16: =IFERROR(G16*K16*VLOOKUP(I16,'DADES VOLUMS'!$A$3:$J$1005,6,FALSE),"") -> 0 | M16: =IFERROR(IF(L16>VLOOKUP(I16,'DADES VOLUMS'!$A$3:$J$1005,9,FALSE),VLOOKUP(I16,'DADES VOLUMS'!$A$3:$J$1005,9,FALSE),L16),"") -> 0 | N16: =IFERROR(K16*M16/L16,"") | O16: =IFERROR(N16*VLOOKUP(I16,'DADES VOLUMS'!$A$3:$J$1005,6,FALSE),"") | P16: =IFERROR(O16*VLOOKUP(I16,'DADES VOLUMS'!$A$3:$J$1005,8,FALSE),"") | Q16: =IFERROR(C16/P16/5400,"")
B17: 51006406 | D17: 135 | E17: 85.95 | F17: 85.5 | G17: 0.21 | H17: =F17*E17*D17 -> 992077.88 | I17: Màquina perclor ( VAIOC ) | K17: =IFERROR((VLOOKUP(I17,'DADES VOLUMS'!$A$3:$J$1005,5,FALSE))/('CÀLCUL QUANTITATS VOLUM'!H17)*('CÀLCUL QUANTITATS VOLUM'!J17),"") -> 0 | L17: =IFERROR(G17*K17*VLOOKUP(I17,'DADES VOLUMS'!$A$3:$J$1005,6,FALSE),"") -> 0 | M17: =IFERROR(IF(L17>VLOOKUP(I17,'DADES VOLUMS'!$A$3:$J$1005,9,FALSE),VLOOKUP(I17,'DADES VOLUMS'!$A$3:$J$1005,9,FALSE),L17),"") -> 0 | N17: =IFERROR(K17*M17/L17,"") | O17: =IFERROR(N17*VLOOKUP(I17,'DADES VOLUMS'!$A$3:$J$1005,6,FALSE),"") | P17: =IFERROR(O17*VLOOKUP(I17,'DADES VOLUMS'!$A$3:$J$1005,8,FALSE),"") | Q17: =IFERROR(C17/P17/5400,"")
B18: 51006224 | D18: 267.5 | E18: 53 | F18: 30 | G18: 0.082 | H18: =F18*E18*D18 -> 425325 | I18: Màquina perclor ( VAIOC ) | K18: =IFERROR((VLOOKUP(I18,'DADES VOLUMS'!$A$3:$J$1005,5,FALSE))/('CÀLCUL QUANTITATS VOLUM'!H18)*('CÀLCUL QUANTITATS VOLUM'!J18),"") -> 0 | L18: =IFERROR(G18*K18*VLOOKUP(I18,'DADES VOLUMS'!$A$3:$J$1005,6,FALSE),"") -> 0 | M18: =IFERROR(IF(L18>VLOOKUP(I18,'DADES VOLUMS'!$A$3:$J$1005,9,FALSE),VLOOKUP(I18,'DADES VOLUMS'!$A$3:$J$1005,9,FALSE),L18),"") -> 0 | N18: =IFERROR(K18*M18/L18,"") | O18: =IFERROR(N18*VLOOKUP(I18,'DADES VOLUMS'!$A$3:$J$1005,6,FALSE),"") | P18: =IFERROR(O18*VLOOKUP(I18,'DADES VOLUMS'!$A$3:$J$1005,8,FALSE),"") | Q18: =IFERROR(C18/P18/5400,"")
B19: 51005674 | D19: 250 | E19: 32 | F19: 38 | G19: 0.11 | H19: =F19*E19*D19 -> 304000 | I19: Màquina perclor ( VAIOC ) | K19: =IFERROR((VLOOKUP(I19,'DADES VOLUMS'!$A$3:$J$1005,5,FALSE))/('CÀLCUL QUANTITATS VOLUM'!H19)*('CÀLCUL QUANTITATS VOLUM'!J19),"") -> 0 | L19: =IFERROR(G19*K19*VLOOKUP(I19,'DADES VOLUMS'!$A$3:$J$1005,6,FALSE),"") -> 0 | M19: =IFERROR(IF(L19>VLOOKUP(I19,'DADES VOLUMS'!$A$3:$J$1005,9,FALSE),VLOOKUP(I19,'DADES VOLUMS'!$A$3:$J$1005,9,FALSE),L19),"") -> 0 | N19: =IFERROR(K19*M19/L19,"") | O19: =IFERROR(N19*VLOOKUP(I19,'DADES VOLUMS'!$A$3:$J$1005,6,FALSE),"") | P19: =IFERROR(O19*VLOOKUP(I19,'DADES VOLUMS'!$A$3:$J$1005,8,FALSE),"") | Q19: =IFERROR(C19/P19/5400,"")
B20: 51000675 | D20: 206 | E20: 52.3 | F20: 17.1 | G20: 0.064 | H20: =F20*E20*D20 -> 184231.98 | I20: Màquina perclor ( VAIOC ) | K20: =IFERROR((VLOOKUP(I20,'DADES VOLUMS'!$A$3:$J$1005,5,FALSE))/('CÀLCUL QUANTITATS VOLUM'!H20)*('CÀLCUL QUANTITATS VOLUM'!J20),"") -> 0 | L20: =IFERROR(G20*K20*VLOOKUP(I20,'DADES VOLUMS'!$A$3:$J$1005,6,FALSE),"") -> 0 | M20: =IFERROR(IF(L20>VLOOKUP(I20,'DADES VOLUMS'!$A$3:$J$1005,9,FALSE),VLOOKUP(I20,'DADES VOLUMS'!$A$3:$J$1005,9,FALSE),L20),"") -> 0 | N20: =IFERROR(K20*M20/L20,"") | O20: =IFERROR(N20*VLOOKUP(I20,'DADES VOLUMS'!$A$3:$J$1005,6,FALSE),"") | P20: =IFERROR(O20*VLOOKUP(I20,'DADES VOLUMS'!$A$3:$J$1005,8,FALSE),"") | Q20: =IFERROR(C20/P20/5400,"")
A21: 189/21 | B21: 5-231131-613 | C21: 120000 | D21: 261 | E21: 177 | F21: 15 | G21: 0.19368 | H21: =F21*E21*D21 -> 692955 | I21: Màquina perclor ( VAIOC ) | J21: 0.7 | K21: =IFERROR((VLOOKUP(I21,'DADES VOLUMS'!$A$3:$J$1005,5,FALSE))/('CÀLCUL QUANTITATS VOLUM'!H21)*('CÀLCUL QUANTITATS VOLUM'!J21),"") -> 181.82999 | L21: =IFERROR(G21*K21*VLOOKUP(I21,'DADES VOLUMS'!$A$3:$J$1005,6,FALSE),"") -> 35.216832 | M21: =IFERROR(IF(L21>VLOOKUP(I21,'DADES VOLUMS'!$A$3:$J$1005,9,FALSE),VLOOKUP(I21,'DADES VOLUMS'!$A$3:$J$1005,9,FALSE),L21),"") -> 35.216832 | N21: =IFERROR(K21*M21/L21,"") -> 181.82999 | O21: =IFERROR(N21*VLOOKUP(I21,'DADES VOLUMS'!$A$3:$J$1005,6,FALSE),"") -> 181.82999 | P21: =IFERROR(O21*VLOOKUP(I21,'DADES VOLUMS'!$A$3:$J$1005,8,FALSE),"") -> 909.14994 | Q21: =IFERROR(C21/P21/5400,"") -> 0.024442857
A22: 189/21 | B22: 5-231131-611 | C22: 120000 | D22: 310 | E22: 200 | F22: 26 | G22: 0.37787 | H22: =F22*E22*D22 -> 1612000 | I22: Màquina perclor ( VAIOC ) | J22: 0.7 | K22: =IFERROR((VLOOKUP(I22,'DADES VOLUMS'!$A$3:$J$1005,5,FALSE))/('CÀLCUL QUANTITATS VOLUM'!H22)*('CÀLCUL QUANTITATS VOLUM'!J22),"") -> 78.163772 | L22: =IFERROR(G22*K22*VLOOKUP(I22,'DADES VOLUMS'!$A$3:$J$1005,6,FALSE),"") -> 29.535744 | M22: =IFERROR(IF(L22>VLOOKUP(I22,'DADES VOLUMS'!$A$3:$J$1005,9,FALSE),VLOOKUP(I22,'DADES VOLUMS'!$A$3:$J$1005,9,FALSE),L22),"") -> 29.535744 | N22: =IFERROR(K22*M22/L22,"") -> 78.163772 | O22: =IFERROR(N22*VLOOKUP(I22,'DADES VOLUMS'!$A$3:$J$1005,6,FALSE),"") -> 78.163772 | P22: =IFERROR(O22*VLOOKUP(I22,'DADES VOLUMS'!$A$3:$J$1005,8,FALSE),"") -> 390.81886 | Q22: =IFERROR(C22/P22/5400,"") -> 0.05686067
A23: 188/21 | B23: X657889500A-00-01 | C23: 150000 | D23: 168 | E23: 66 | F23: 17 | G23: 0.09921 | H23: =F23*E23*D23 -> 188496 | I23: Màquina perclor ( VAIOC ) | J23: 0.7 | K23: =IFERROR((VLOOKUP(I23,'DADES VOLUMS'!$A$3:$J$1005,5,FALSE))/('CÀLCUL QUANTITATS VOLUM'!H23)*('CÀLCUL QUANTITATS VOLUM'!J23),"") -> 668.4492 | L23: =IFERROR(G23*K23*VLOOKUP(I23,'DADES VOLUMS'!$A$3:$J$1005,6,FALSE),"") -> 66.316845 | M23: =IFERROR(IF(L23>VLOOKUP(I23,'DADES VOLUMS'!$A$3:$J$1005,9,FALSE),VLOOKUP(I23,'DADES VOLUMS'!$A$3:$J$1005,9,FALSE),L23),"") -> 66.316845 | N23: =IFERROR(K23*M23/L23,"") -> 668.4492 | O23: =IFERROR(N23*VLOOKUP(I23,'DADES VOLUMS'!$A$3:$J$1005,6,FALSE),"") -> 668.4492 | P23: =IFERROR(O23*VLOOKUP(I23,'DADES VOLUMS'!$A$3:$J$1005,8,FALSE),"") -> 3342.246 | Q23: =IFERROR(C23/P23/5400,"") -> 0.0083111111
A24: 250/21 | B24: 6487569 | C24: 218262 | D24: 155 | E24: 55 | F24: 75 | G24: 0.091 | H24: =F24*E24*D24 -> 639375 | I24: Màquina perclor ( VAIOC ) | J24: 0.7 | K24: =IFERROR((VLOOKUP(I24,'DADES VOLUMS'!$A$3:$J$1005,5,FALSE))/('CÀLCUL QUANTITATS VOLUM'!H24)*('CÀLCUL QUANTITATS VOLUM'!J24),"") -> 197.06745 | L24: =IFERROR(G24*K24*VLOOKUP(I24,'DADES VOLUMS'!$A$3:$J$1005,6,FALSE),"") -> 17.933138 | M24: =IFERROR(IF(L24>VLOOKUP(I24,'DADES VOLUMS'!$A$3:$J$1005,9,FALSE),VLOOKUP(I24,'DADES VOLUMS'!$A$3:$J$1005,9,FALSE),L24),"") -> 17.933138 | N24: =IFERROR(K24*M24/L24,"") -> 197.06745 | O24: =IFERROR(N24*VLOOKUP(I24,'DADES VOLUMS'!$A$3:$J$1005,6,FALSE),"") -> 197.06745 | P24: =IFERROR(O24*VLOOKUP(I24,'DADES VOLUMS'!$A$3:$J$1005,8,FALSE),"") -> 985.33724 | Q24: =IFERROR(C24/P24/5400,"") -> 0.04102036
A25: 253/21 | B25: 6538785 | C25: 300000 | D25: 149 | E25: 59 | F25: 30 | G25: 0.09514 | H25: =F25*E25*D25 -> 263730 | I25: Màquina perclor ( VAIOC ) | J25: 0.7 | K25: =IFERROR((VLOOKUP(I25,'DADES VOLUMS'!$A$3:$J$1005,5,FALSE))/('CÀLCUL QUANTITATS VOLUM'!H25)*('CÀLCUL QUANTITATS VOLUM'!J25),"") -> 477.76135 | L25: =IFERROR(G25*K25*VLOOKUP(I25,'DADES VOLUMS'!$A$3:$J$1005,6,FALSE),"") -> 45.454215 | M25: =IFERROR(IF(L25>VLOOKUP(I25,'DADES VOLUMS'!$A$3:$J$1005,9,FALSE),VLOOKUP(I25,'DADES VOLUMS'!$A$3:$J$1005,9,FALSE),L25),"") -> 45.454215 | N25: =IFERROR(K25*M25/L25,"") -> 477.76135 | O25: =IFERROR(N25*VLOOKUP(I25,'DADES VOLUMS'!$A$3:$J$1005,6,FALSE),"") -> 477.76135 | P25: =IFERROR(O25*VLOOKUP(I25,'DADES VOLUMS'!$A$3:$J$1005,8,FALSE),"") -> 2388.8067 | Q25: =IFERROR(C25/P25/5400,"") -> 0.023256614
A26: 255/21 | B26: X6557446 / X6557447 | C26: 110000 | D26: 149 | E26: 59 | F26: 37 | G26: 0.09951 | H26: =F26*E26*D26 -> 325267 | I26: Màquina perclor ( VAIOC ) | J26: 0.7 | K26: =IFERROR((VLOOKUP(I26,'DADES VOLUMS'!$A$3:$J$1005,5,FALSE))/('CÀLCUL QUANTITATS VOLUM'!H26)*('CÀLCUL QUANTITATS VOLUM'!J26),"") -> 387.37406 | L26: =IFERROR(G26*K26*VLOOKUP(I26,'DADES VOLUMS'!$A$3:$J$1005,6,FALSE),"") -> 38.547593 | M26: =IFERROR(IF(L26>VLOOKUP(I26,'DADES VOLUMS'!$A$3:$J$1005,9,FALSE),VLOOKUP(I26,'DADES VOLUMS'!$A$3:$J$1005,9,FALSE),L26),"") -> 38.547593 | N26: =IFERROR(K26*M26/L26,"") -> 387.37406 | O26: =IFERROR(N26*VLOOKUP(I26,'DADES VOLUMS'!$A$3:$J$1005,6,FALSE),"") -> 387.37406 | P26: =IFERROR(O26*VLOOKUP(I26,'DADES VOLUMS'!$A$3:$J$1005,8,FALSE),"") -> 1936.8703 | Q26: =IFERROR(C26/P26/5400,"") -> 0.010517158
A27: 267/21 | B27: 3428 5800 B | C27: 1000000 | D27: 190 | E27: 77 | F27: 60 | G27: 0.337 | H27: =F27*E27*D27 -> 877800 | I27: Màquina perclor ( VAIOC ) | J27: 0.7 | K27: =IFERROR((VLOOKUP(I27,'DADES VOLUMS'!$A$3:$J$1005,5,FALSE))/('CÀLCUL QUANTITATS VOLUM'!H27)*('CÀLCUL QUANTITATS VOLUM'!J27),"") -> 143.54067 | L27: =IFERROR(G27*K27*VLOOKUP(I27,'DADES VOLUMS'!$A$3:$J$1005,6,FALSE),"") -> 48.373206 | M27: =IFERROR(IF(L27>VLOOKUP(I27,'DADES VOLUMS'!$A$3:$J$1005,9,FALSE),VLOOKUP(I27,'DADES VOLUMS'!$A$3:$J$1005,9,FALSE),L27),"") -> 48.373206 | N27: =IFERROR(K27*M27/L27,"") -> 143.54067 | O27: =IFERROR(N27*VLOOKUP(I27,'DADES VOLUMS'!$A$3:$J$1005,6,FALSE),"") -> 143.54067 | P27: =IFERROR(O27*VLOOKUP(I27,'DADES VOLUMS'!$A$3:$J$1005,8,FALSE),"") -> 717.70335 | Q27: =IFERROR(C27/P27/5400,"") -> 0.25802469
A28: 250/21 ( Rev.1 ) | B28: 6487569 | C28: 218262 | D28: 155 | E28: 55 | F28: 75 | G28: 0.091 | H28: =F28*E28*D28 -> 639375 | I28: Màquina perclor ( VAIOC ) | J28: 0.7 | K28: =IFERROR((VLOOKUP(I28,'DADES VOLUMS'!$A$3:$J$1005,5,FALSE))/('CÀLCUL QUANTITATS VOLUM'!H28)*('CÀLCUL QUANTITATS VOLUM'!J28),"") -> 197.06745 | L28: =IFERROR(G28*K28*VLOOKUP(I28,'DADES VOLUMS'!$A$3:$J$1005,6,FALSE),"") -> 17.933138 | M28: =IFERROR(IF(L28>VLOOKUP(I28,'DADES VOLUMS'!$A$3:$J$1005,9,FALSE),VLOOKUP(I28,'DADES VOLUMS'!$A$3:$J$1005,9,FALSE),L28),"") -> 17.933138 | N28: =IFERROR(K28*M28/L28,"") -> 197.06745 | O28: =IFERROR(N28*VLOOKUP(I28,'DADES VOLUMS'!$A$3:$J$1005,6,FALSE),"") -> 197.06745 | P28: =IFERROR(O28*VLOOKUP(I28,'DADES VOLUMS'!$A$3:$J$1005,8,FALSE),"") -> 985.33724 | Q28: =IFERROR(C28/P28/5400,"") -> 0.04102036
A29: 330/21 | B29: 6002213 | C29: 166586 | D29: 82 | E29: 82 | F29: 26.8 | G29: 0.06375 | H29: =F29*E29*D29 -> 180203.2 | I29: Màquina perclor ( VAIOC ) | J29: 0.7 | K29: =IFERROR((VLOOKUP(I29,'DADES VOLUMS'!$A$3:$J$1005,5,FALSE))/('CÀLCUL QUANTITATS VOLUM'!H29)*('CÀLCUL QUANTITATS VOLUM'!J29),"") -> 699.21067 | L29: =IFERROR(G29*K29*VLOOKUP(I29,'DADES VOLUMS'!$A$3:$J$1005,6,FALSE),"") -> 44.57468 | M29: =IFERROR(IF(L29>VLOOKUP(I29,'DADES VOLUMS'!$A$3:$J$1005,9,FALSE),VLOOKUP(I29,'DADES VOLUMS'!$A$3:$J$1005,9,FALSE),L29),"") -> 44.57468 | N29: =IFERROR(K29*M29/L29,"") -> 699.21067 | O29: =IFERROR(N29*VLOOKUP(I29,'DADES VOLUMS'!$A$3:$J$1005,6,FALSE),"") -> 699.21067 | P29: =IFERROR(O29*VLOOKUP(I29,'DADES VOLUMS'!$A$3:$J$1005,8,FALSE),"") -> 3496.0533 | Q29: =IFERROR(C29/P29/5400,"") -> 0.0088240242
A30: 350/21 | B30: 38268826 | C30: 36000 | D30: 165 | E30: 92 | F30: 48 | G30: 0.1038 | H30: =F30*E30*D30 -> 728640 | I30: Màquina perclor ( VAIOC ) | J30: 0.7 | K30: =IFERROR((VLOOKUP(I30,'DADES VOLUMS'!$A$3:$J$1005,5,FALSE))/('CÀLCUL QUANTITATS VOLUM'!H30)*('CÀLCUL QUANTITATS VOLUM'!J30),"") -> 172.9249 | L30: =IFERROR(G30*K30*VLOOKUP(I30,'DADES VOLUMS'!$A$3:$J$1005,6,FALSE),"") -> 17.949605 | M30: =IFERROR(IF(L30>VLOOKUP(I30,'DADES VOLUMS'!$A$3:$J$1005,9,FALSE),VLOOKUP(I30,'DADES VOLUMS'!$A$3:$J$1005,9,FALSE),L30),"") -> 17.949605 | N30: =IFERROR(K30*M30/L30,"") -> 172.9249 | O30: =IFERROR(N30*VLOOKUP(I30,'DADES VOLUMS'!$A$3:$J$1005,6,FALSE),"") -> 172.9249 | P30: =IFERROR(O30*VLOOKUP(I30,'DADES VOLUMS'!$A$3:$J$1005,8,FALSE),"") -> 864.62451 | Q30: =IFERROR(C30/P30/5400,"") -> 0.0077104762
A31: 350/21 | B31: 38298095 | C31: 60000 | D31: 123 | E31: 128 | F31: 17 | G31: 0.0709 | H31: =F31*E31*D31 -> 267648 | I31: Màquina perclor ( VAIOC ) | J31: 0.7 | K31: =IFERROR((VLOOKUP(I31,'DADES VOLUMS'!$A$3:$J$1005,5,FALSE))/('CÀLCUL QUANTITATS VOLUM'!H31)*('CÀLCUL QUANTITATS VOLUM'!J31),"") -> 470.76758 | L31: =IFERROR(G31*K31*VLOOKUP(I31,'DADES VOLUMS'!$A$3:$J$1005,6,FALSE),"") -> 33.377421 | M31: =IFERROR(IF(L31>VLOOKUP(I31,'DADES VOLUMS'!$A$3:$J$1005,9,FALSE),VLOOKUP(I31,'DADES VOLUMS'!$A$3:$J$1005,9,FALSE),L31),"") -> 33.377421 | N31: =IFERROR(K31*M31/L31,"") -> 470.76758 | O31: =IFERROR(N31*VLOOKUP(I31,'DADES VOLUMS'!$A$3:$J$1005,6,FALSE),"") -> 470.76758 | P31: =IFERROR(O31*VLOOKUP(I31,'DADES VOLUMS'!$A$3:$J$1005,8,FALSE),"") -> 2353.8379 | Q31: =IFERROR(C31/P31/5400,"") -> 0.0047204233
A32: 344/21 | B32: 6347198 002 | C32: 49000 | D32: 191 | E32: 92 | F32: 75 | G32: 0.2675 | H32: =F32*E32*D32 -> 1317900 | I32: Màquina perclor ( VAIOC ) | J32: 0.7 | K32: =IFERROR((VLOOKUP(I32,'DADES VOLUMS'!$A$3:$J$1005,5,FALSE))/('CÀLCUL QUANTITATS VOLUM'!H32)*('CÀLCUL QUANTITATS VOLUM'!J32),"") -> 95.606647 | L32: =IFERROR(G32*K32*VLOOKUP(I32,'DADES VOLUMS'!$A$3:$J$1005,6,FALSE),"") -> 25.574778 | M32: =IFERROR(IF(L32>VLOOKUP(I32,'DADES VOLUMS'!$A$3:$J$1005,9,FALSE),VLOOKUP(I32,'DADES VOLUMS'!$A$3:$J$1005,9,FALSE),L32),"") -> 25.574778 | N32: =IFERROR(K32*M32/L32,"") -> 95.606647 | O32: =IFERROR(N32*VLOOKUP(I32,'DADES VOLUMS'!$A$3:$J$1005,6,FALSE),"") -> 95.606647 | P32: =IFERROR(O32*VLOOKUP(I32,'DADES VOLUMS'!$A$3:$J$1005,8,FALSE),"") -> 478.03323 | Q32: =IFERROR(C32/P32/5400,"") -> 0.018982099
A33: 337/21 | B33: 3136916-AA0 | C33: 191500 | D33: 128 | E33: 90 | F33: 30 | G33: 0.1626 | H33: =F33*E33*D33 -> 345600 | I33: Màquina perclor ( VAIOC ) | J33: 0.7 | K33: =IFERROR((VLOOKUP(I33,'DADES VOLUMS'!$A$3:$J$1005,5,FALSE))/('CÀLCUL QUANTITATS VOLUM'!H33)*('CÀLCUL QUANTITATS VOLUM'!J33),"") -> 364.58333 | L33: =IFERROR(G33*K33*VLOOKUP(I33,'DADES VOLUMS'!$A$3:$J$1005,6,FALSE),"") -> 59.28125 | M33: =IFERROR(IF(L33>VLOOKUP(I33,'DADES VOLUMS'!$A$3:$J$1005,9,FALSE),VLOOKUP(I33,'DADES VOLUMS'!$A$3:$J$1005,9,FALSE),L33),"") -> 59.28125 | N33: =IFERROR(K33*M33/L33,"") -> 364.58333 | O33: =IFERROR(N33*VLOOKUP(I33,'DADES VOLUMS'!$A$3:$J$1005,6,FALSE),"") -> 364.58333 | P33: =IFERROR(O33*VLOOKUP(I33,'DADES VOLUMS'!$A$3:$J$1005,8,FALSE),"") -> 1822.9167 | Q33: =IFERROR(C33/P33/5400,"") -> 0.019453968
A34: 017/22 | B34: A022B337A | C34: 85000 | D34: 108 | E34: 80 | F34: 97 | G34: 0.19212 | H34: =F34*E34*D34 -> 838080 | I34: Màquina perclor ( VAIOC ) | J34: 0.85 | K34: =IFERROR((VLOOKUP(I34,'DADES VOLUMS'!$A$3:$J$1005,5,FALSE))/('CÀLCUL QUANTITATS VOLUM'!H34)*('CÀLCUL QUANTITATS VOLUM'!J34),"") -> 182.56014 | L34: =IFERROR(G34*K34*VLOOKUP(I34,'DADES VOLUMS'!$A$3:$J$1005,6,FALSE),"") -> 35.073454 | M34: =IFERROR(IF(L34>VLOOKUP(I34,'DADES VOLUMS'!$A$3:$J$1005,9,FALSE),VLOOKUP(I34,'DADES VOLUMS'!$A$3:$J$1005,9,FALSE),L34),"") -> 35.073454 | N34: =IFERROR(K34*M34/L34,"") -> 182.56014 | O34: =IFERROR(N34*VLOOKUP(I34,'DADES VOLUMS'!$A$3:$J$1005,6,FALSE),"") -> 182.56014 | P34: =IFERROR(O34*VLOOKUP(I34,'DADES VOLUMS'!$A$3:$J$1005,8,FALSE),"") -> 912.80069 | Q34: =IFERROR(C34/P34/5400,"") -> 0.017244444
A35: 005/22 | B35: 658063600_660632800 | C35: 1000000 | D35: 125 | E35: 55 | F35: 51 | G35: 0.078 | H35: =F35*E35*D35 -> 350625 | I35: Màquina perclor ( VAIOC ) | J35: 0.85 | K35: =IFERROR((VLOOKUP(I35,'DADES VOLUMS'!$A$3:$J$1005,5,FALSE))/('CÀLCUL QUANTITATS VOLUM'!H35)*('CÀLCUL QUANTITATS VOLUM'!J35),"") -> 436.36364 | L35: =IFERROR(G35*K35*VLOOKUP(I35,'DADES VOLUMS'!$A$3:$J$1005,6,FALSE),"") -> 34.036364 | M35: =IFERROR(IF(L35>VLOOKUP(I35,'DADES VOLUMS'!$A$3:$J$1005,9,FALSE),VLOOKUP(I35,'DADES VOLUMS'!$A$3:$J$1005,9,FALSE),L35),"") -> 34.036364 | N35: =IFERROR(K35*M35/L35,"") -> 436.36364 | O35: =IFERROR(N35*VLOOKUP(I35,'DADES VOLUMS'!$A$3:$J$1005,6,FALSE),"") -> 436.36364 | P35: =IFERROR(O35*VLOOKUP(I35,'DADES VOLUMS'!$A$3:$J$1005,8,FALSE),"") -> 2181.8182 | Q35: =IFERROR(C35/P35/5400,"") -> 0.084876543
A36: 071/22 | B36: A023F663 B00 | C36: 12999 | D36: 163 | E36: 99 | F36: 65 | G36: 0.3723 | H36: =F36*E36*D36 -> 1048905 | I36: Màquina perclor ( VAIOC ) | J36: 0.85 | K36: =IFERROR((VLOOKUP(I36,'DADES VOLUMS'!$A$3:$J$1005,5,FALSE))/('CÀLCUL QUANTITATS VOLUM'!H36)*('CÀLCUL QUANTITATS VOLUM'!J36),"") -> 145.8664 | L36: =IFERROR(G36*K36*VLOOKUP(I36,'DADES VOLUMS'!$A$3:$J$1005,6,FALSE),"") -> 54.306062 | M36: =IFERROR(IF(L36>VLOOKUP(I36,'DADES VOLUMS'!$A$3:$J$1005,9,FALSE),VLOOKUP(I36,'DADES VOLUMS'!$A$3:$J$1005,9,FALSE),L36),"") -> 54.306062 | N36: =IFERROR(K36*M36/L36,"") -> 145.8664 | O36: =IFERROR(N36*VLOOKUP(I36,'DADES VOLUMS'!$A$3:$J$1005,6,FALSE),"") -> 145.8664 | P36: =IFERROR(O36*VLOOKUP(I36,'DADES VOLUMS'!$A$3:$J$1005,8,FALSE),"") -> 729.33202 | Q36: =IFERROR(C36/P36/5400,"") -> 0.0033005849
A37: 108/22 | B37: 6604390 | C37: 615602 | D37: 155 | E37: 53 | F37: 51 | G37: 0.089498 | H37: =F37*E37*D37 -> 418965 | I37: Màquina perclor ( VAIOC ) | J37: 0.85 | K37: =IFERROR((VLOOKUP(I37,'DADES VOLUMS'!$A$3:$J$1005,5,FALSE))/('CÀLCUL QUANTITATS VOLUM'!H37)*('CÀLCUL QUANTITATS VOLUM'!J37),"") -> 365.18564 | L37: =IFERROR(G37*K37*VLOOKUP(I37,'DADES VOLUMS'!$A$3:$J$1005,6,FALSE),"") -> 32.683384 | M37: =IFERROR(IF(L37>VLOOKUP(I37,'DADES VOLUMS'!$A$3:$J$1005,9,FALSE),VLOOKUP(I37,'DADES VOLUMS'!$A$3:$J$1005,9,FALSE),L37),"") -> 32.683384 | N37: =IFERROR(K37*M37/L37,"") -> 365.18564 | O37: =IFERROR(N37*VLOOKUP(I37,'DADES VOLUMS'!$A$3:$J$1005,6,FALSE),"") -> 365.18564 | P37: =IFERROR(O37*VLOOKUP(I37,'DADES VOLUMS'!$A$3:$J$1005,8,FALSE),"") -> 1825.9282 | Q37: =IFERROR(C37/P37/5400,"") -> 0.062434203
A38: 135/22 | B38: A0053Y5698A | C38: 299950 | D38: 99 | E38: 76 | F38: 43 | G38: 0.11169 | H38: =F38*E38*D38 -> 323532 | I38: Màquina perclor ( VAIOC ) | J38: 0.7 | K38: =IFERROR((VLOOKUP(I38,'DADES VOLUMS'!$A$3:$J$1005,5,FALSE))/('CÀLCUL QUANTITATS VOLUM'!H38)*('CÀLCUL QUANTITATS VOLUM'!J38),"") -> 389.45143 | L38: =IFERROR(G38*K38*VLOOKUP(I38,'DADES VOLUMS'!$A$3:$J$1005,6,FALSE),"") -> 43.49783 | M38: =IFERROR(IF(L38>VLOOKUP(I38,'DADES VOLUMS'!$A$3:$J$1005,9,FALSE),VLOOKUP(I38,'DADES VOLUMS'!$A$3:$J$1005,9,FALSE),L38),"") -> 43.49783 | N38: =IFERROR(K38*M38/L38,"") -> 389.45143 | O38: =IFERROR(N38*VLOOKUP(I38,'DADES VOLUMS'!$A$3:$J$1005,6,FALSE),"") -> 389.45143 | P38: =IFERROR(O38*VLOOKUP(I38,'DADES VOLUMS'!$A$3:$J$1005,8,FALSE),"") -> 1947.2571 | Q38: =IFERROR(C38/P38/5400,"") -> 0.028525404
A39: 121/22 | B39: 3138417-1 | C39: 42000 | D39: 217 | E39: 106 | F39: 50 | G39: 0.3068 | H39: =F39*E39*D39 -> 1150100 | I39: Màquina perclor ( VAIOC ) | J39: 0.85 | K39: =IFERROR((VLOOKUP(I39,'DADES VOLUMS'!$A$3:$J$1005,5,FALSE))/('CÀLCUL QUANTITATS VOLUM'!H39)*('CÀLCUL QUANTITATS VOLUM'!J39),"") -> 133.03191 | L39: =IFERROR(G39*K39*VLOOKUP(I39,'DADES VOLUMS'!$A$3:$J$1005,6,FALSE),"") -> 40.81419 | M39: =IFERROR(IF(L39>VLOOKUP(I39,'DADES VOLUMS'!$A$3:$J$1005,9,FALSE),VLOOKUP(I39,'DADES VOLUMS'!$A$3:$J$1005,9,FALSE),L39),"") -> 40.81419 | N39: =IFERROR(K39*M39/L39,"") -> 133.03191 | O39: =IFERROR(N39*VLOOKUP(I39,'DADES VOLUMS'!$A$3:$J$1005,6,FALSE),"") -> 133.03191 | P39: =IFERROR(O39*VLOOKUP(I39,'DADES VOLUMS'!$A$3:$J$1005,8,FALSE),"") -> 665.15955 | Q39: =IFERROR(C39/P39/5400,"") -> 0.011693101
A40: 135/22 | B40: A0053Y5698A | C40: 300000 | D40: 99 | E40: 76 | F40: 43 | G40: 0.11449 | H40: =F40*E40*D40 -> 323532 | I40: Màquina perclor ( VAIOC ) | J40: 0.7 | K40: =IFERROR((VLOOKUP(I40,'DADES VOLUMS'!$A$3:$J$1005,5,FALSE))/('CÀLCUL QUANTITATS VOLUM'!H40)*('CÀLCUL QUANTITATS VOLUM'!J40),"") -> 389.45143 | L40: =IFERROR(G40*K40*VLOOKUP(I40,'DADES VOLUMS'!$A$3:$J$1005,6,FALSE),"") -> 44.588294 | M40: =IFERROR(IF(L40>VLOOKUP(I40,'DADES VOLUMS'!$A$3:$J$1005,9,FALSE),VLOOKUP(I40,'DADES VOLUMS'!$A$3:$J$1005,9,FALSE),L40),"") -> 44.588294 | N40: =IFERROR(K40*M40/L40,"") -> 389.45143 | O40: =IFERROR(N40*VLOOKUP(I40,'DADES VOLUMS'!$A$3:$J$1005,6,FALSE),"") -> 389.45143 | P40: =IFERROR(O40*VLOOKUP(I40,'DADES VOLUMS'!$A$3:$J$1005,8,FALSE),"") -> 1947.2571 | Q40: =IFERROR(C40/P40/5400,"") -> 0.028530159
A41: 177/22 | B41: H18326-050 | C41: 126000 | D41: 167 | E41: 47 | F41: 34 | G41: 0.05765 | H41: =F41*E41*D41 -> 266866 | I41: Màquina perclor ( VAIOC ) | J41: 0.7 | K41: =IFERROR((VLOOKUP(I41,'DADES VOLUMS'!$A$3:$J$1005,5,FALSE))/('CÀLCUL QUANTITATS VOLUM'!H41)*('CÀLCUL QUANTITATS VOLUM'!J41),"") -> 472.14707 | L41: =IFERROR(G41*K41*VLOOKUP(I41,'DADES VOLUMS'!$A$3:$J$1005,6,FALSE),"") -> 27.219279 | M41: =IFERROR(IF(L41>VLOOKUP(I41,'DADES VOLUMS'!$A$3:$J$1005,9,FALSE),VLOOKUP(I41,'DADES VOLUMS'!$A$3:$J$1005,9,FALSE),L41),"") -> 27.219279 | N41: =IFERROR(K41*M41/L41,"") -> 472.14707 | O41: =IFERROR(N41*VLOOKUP(I41,'DADES VOLUMS'!$A$3:$J$1005,6,FALSE),"") -> 472.14707 | P41: =IFERROR(O41*VLOOKUP(I41,'DADES VOLUMS'!$A$3:$J$1005,8,FALSE),"") -> 2360.7354 | Q41: =IFERROR(C41/P41/5400,"") -> 0.0098839259
A42: 177/22 | B42: H18324-050 | C42: 126000 | D42: 112 | E42: 53 | F42: 26 | G42: 0.03582 | H42: =F42*E42*D42 -> 154336 | I42: Màquina perclor ( VAIOC ) | J42: 0.7 | K42: =IFERROR((VLOOKUP(I42,'DADES VOLUMS'!$A$3:$J$1005,5,FALSE))/('CÀLCUL QUANTITATS VOLUM'!H42)*('CÀLCUL QUANTITATS VOLUM'!J42),"") -> 816.40058 | L42: =IFERROR(G42*K42*VLOOKUP(I42,'DADES VOLUMS'!$A$3:$J$1005,6,FALSE),"") -> 29.243469 | M42: =IFERROR(IF(L42>VLOOKUP(I42,'DADES VOLUMS'!$A$3:$J$1005,9,FALSE),VLOOKUP(I42,'DADES VOLUMS'!$A$3:$J$1005,9,FALSE),L42),"") -> 29.243469 | N42: =IFERROR(K42*M42/L42,"") -> 816.40058 | O42: =IFERROR(N42*VLOOKUP(I42,'DADES VOLUMS'!$A$3:$J$1005,6,FALSE),"") -> 816.40058 | P42: =IFERROR(O42*VLOOKUP(I42,'DADES VOLUMS'!$A$3:$J$1005,8,FALSE),"") -> 4082.0029 | Q42: =IFERROR(C42/P42/5400,"") -> 0.0057161481
A43: 177/22 | B43: H18328-050 | C43: 126000 | D43: 307 | E43: 183 | F43: 51 | G43: 0.18939 | H43: =F43*E43*D43 -> 2865231 | I43: Màquina perclor ( VAIOC ) | J43: 0.8 | K43: =IFERROR((VLOOKUP(I43,'DADES VOLUMS'!$A$3:$J$1005,5,FALSE))/('CÀLCUL QUANTITATS VOLUM'!H43)*('CÀLCUL QUANTITATS VOLUM'!J43),"") -> 50.257728 | L43: =IFERROR(G43*K43*VLOOKUP(I43,'DADES VOLUMS'!$A$3:$J$1005,6,FALSE),"") -> 9.5183111 | M43: =IFERROR(IF(L43>VLOOKUP(I43,'DADES VOLUMS'!$A$3:$J$1005,9,FALSE),VLOOKUP(I43,'DADES VOLUMS'!$A$3:$J$1005,9,FALSE),L43),"") -> 9.5183111 | N43: =IFERROR(K43*M43/L43,"") -> 50.257728 | O43: =IFERROR(N43*VLOOKUP(I43,'DADES VOLUMS'!$A$3:$J$1005,6,FALSE),"") -> 50.257728 | P43: =IFERROR(O43*VLOOKUP(I43,'DADES VOLUMS'!$A$3:$J$1005,8,FALSE),"") -> 251.28864 | Q43: =IFERROR(C43/P43/5400,"") -> 0.092854708
A44: 137/22 | B44: X6598634-00 | C44: 1700 | D44: 223 | E44: 107 | F44: 42 | G44: 0.12255 | H44: =F44*E44*D44 -> 1002162 | I44: Màquina perclor ( VAIOC ) | J44: 0.8 | K44: =IFERROR((VLOOKUP(I44,'DADES VOLUMS'!$A$3:$J$1005,5,FALSE))/('CÀLCUL QUANTITATS VOLUM'!H44)*('CÀLCUL QUANTITATS VOLUM'!J44),"") -> 143.68934 | L44: =IFERROR(G44*K44*VLOOKUP(I44,'DADES VOLUMS'!$A$3:$J$1005,6,FALSE),"") -> 17.609129 | M44: =IFERROR(IF(L44>VLOOKUP(I44,'DADES VOLUMS'!$A$3:$J$1005,9,FALSE),VLOOKUP(I44,'DADES VOLUMS'!$A$3:$J$1005,9,FALSE),L44),"") -> 17.609129 | N44: =IFERROR(K44*M44/L44,"") -> 143.68934 | O44: =IFERROR(N44*VLOOKUP(I44,'DADES VOLUMS'!$A$3:$J$1005,6,FALSE),"") -> 143.68934 | P44: =IFERROR(O44*VLOOKUP(I44,'DADES VOLUMS'!$A$3:$J$1005,8,FALSE),"") -> 718.44672 | Q44: =IFERROR(C44/P44/5400,"") -> 0.00043818812
A45: 142/22 | B45: 3100585 AA2 | C45: 191000 | D45: 217 | E45: 20 | F45: 26 | G45: 0.05408 | H45: =F45*E45*D45 -> 112840 | I45: Màquina perclor ( VAIOC ) | J45: 0.75 | K45: =IFERROR((VLOOKUP(I45,'DADES VOLUMS'!$A$3:$J$1005,5,FALSE))/('CÀLCUL QUANTITATS VOLUM'!H45)*('CÀLCUL QUANTITATS VOLUM'!J45),"") -> 1196.3843 | L45: =IFERROR(G45*K45*VLOOKUP(I45,'DADES VOLUMS'!$A$3:$J$1005,6,FALSE),"") -> 64.700461 | M45: =IFERROR(IF(L45>VLOOKUP(I45,'DADES VOLUMS'!$A$3:$J$1005,9,FALSE),VLOOKUP(I45,'DADES VOLUMS'!$A$3:$J$1005,9,FALSE),L45),"") -> 64.700461 | N45: =IFERROR(K45*M45/L45,"") -> 1196.3843 | O45: =IFERROR(N45*VLOOKUP(I45,'DADES VOLUMS'!$A$3:$J$1005,6,FALSE),"") -> 1196.3843 | P45: =IFERROR(O45*VLOOKUP(I45,'DADES VOLUMS'!$A$3:$J$1005,8,FALSE),"") -> 5981.9213 | Q45: =IFERROR(C45/P45/5400,"") -> 0.0059128779
A46: 142/22 | B46: 3111959-0 | C46: 950000 | D46: 31 | E46: 18 | F46: 12 | G46: 0.00271 | H46: =F46*E46*D46 -> 6696 | I46: Màquina perclor ( VAIOC ) | J46: 0.75 | K46: =IFERROR((VLOOKUP(I46,'DADES VOLUMS'!$A$3:$J$1005,5,FALSE))/('CÀLCUL QUANTITATS VOLUM'!H46)*('CÀLCUL QUANTITATS VOLUM'!J46),"") -> 20161.29 | L46: =IFERROR(G46*K46*VLOOKUP(I46,'DADES VOLUMS'!$A$3:$J$1005,6,FALSE),"") -> 54.637097 | M46: =IFERROR(IF(L46>VLOOKUP(I46,'DADES VOLUMS'!$A$3:$J$1005,9,FALSE),VLOOKUP(I46,'DADES VOLUMS'!$A$3:$J$1005,9,FALSE),L46),"") -> 54.637097 | N46: =IFERROR(K46*M46/L46,"") -> 20161.29 | O46: =IFERROR(N46*VLOOKUP(I46,'DADES VOLUMS'!$A$3:$J$1005,6,FALSE),"") -> 20161.29 | P46: =IFERROR(O46*VLOOKUP(I46,'DADES VOLUMS'!$A$3:$J$1005,8,FALSE),"") -> 100806.45 | Q46: =IFERROR(C46/P46/5400,"") -> 0.0017451852
A47: 269/22 | B47: E86028-050 | C47: 1030808 | D47: 99 | E47: 44 | F47: 43 | G47: 0.10166 | H47: =F47*E47*D47 -> 187308 | I47: Màquina perclor ( VAIOC ) | J47: 0.75 | K47: =IFERROR((VLOOKUP(I47,'DADES VOLUMS'!$A$3:$J$1005,5,FALSE))/('CÀLCUL QUANTITATS VOLUM'!H47)*('CÀLCUL QUANTITATS VOLUM'!J47),"") -> 720.73804 | L47: =IFERROR(G47*K47*VLOOKUP(I47,'DADES VOLUMS'!$A$3:$J$1005,6,FALSE),"") -> 73.270229 | M47: =IFERROR(IF(L47>VLOOKUP(I47,'DADES VOLUMS'!$A$3:$J$1005,9,FALSE),VLOOKUP(I47,'DADES VOLUMS'!$A$3:$J$1005,9,FALSE),L47),"") -> 73.270229 | N47: =IFERROR(K47*M47/L47,"") -> 720.73804 | O47: =IFERROR(N47*VLOOKUP(I47,'DADES VOLUMS'!$A$3:$J$1005,6,FALSE),"") -> 720.73804 | P47: =IFERROR(O47*VLOOKUP(I47,'DADES VOLUMS'!$A$3:$J$1005,8,FALSE),"") -> 3603.6902 | Q47: =IFERROR(C47/P47/5400,"") -> 0.052970805
A48: 261/22 | B48: 6598206 | C48: 100000 | D48: 80 | E48: 65 | F48: 32 | G48: 0.06113 | H48: =F48*E48*D48 -> 166400 | I48: Màquina perclor ( VAIOC ) | J48: 0.75 | K48: =IFERROR((VLOOKUP(I48,'DADES VOLUMS'!$A$3:$J$1005,5,FALSE))/('CÀLCUL QUANTITATS VOLUM'!H48)*('CÀLCUL QUANTITATS VOLUM'!J48),"") -> 811.29808 | L48: =IFERROR(G48*K48*VLOOKUP(I48,'DADES VOLUMS'!$A$3:$J$1005,6,FALSE),"") -> 49.594651 | M48: =IFERROR(IF(L48>VLOOKUP(I48,'DADES VOLUMS'!$A$3:$J$1005,9,FALSE),VLOOKUP(I48,'DADES VOLUMS'!$A$3:$J$1005,9,FALSE),L48),"") -> 49.594651 | N48: =IFERROR(K48*M48/L48,"") -> 811.29808 | O48: =IFERROR(N48*VLOOKUP(I48,'DADES VOLUMS'!$A$3:$J$1005,6,FALSE),"") -> 811.29808 | P48: =IFERROR(O48*VLOOKUP(I48,'DADES VOLUMS'!$A$3:$J$1005,8,FALSE),"") -> 4056.4904 | Q48: =IFERROR(C48/P48/5400,"") -> 0.0045651578
A49: 261/22 | B49: 6598207 | C49: 10000 | D49: 64 | E49: 55 | F49: 32 | G49: 0.05033 | H49: =F49*E49*D49 -> 112640 | I49: Màquina perclor ( VAIOC ) | J49: 0.75 | K49: =IFERROR((VLOOKUP(I49,'DADES VOLUMS'!$A$3:$J$1005,5,FALSE))/('CÀLCUL QUANTITATS VOLUM'!H49)*('CÀLCUL QUANTITATS VOLUM'!J49),"") -> 1198.5085 | L49: =IFERROR(G49*K49*VLOOKUP(I49,'DADES VOLUMS'!$A$3:$J$1005,6,FALSE),"") -> 60.320934 | M49: =IFERROR(IF(L49>VLOOKUP(I49,'DADES VOLUMS'!$A$3:$J$1005,9,FALSE),VLOOKUP(I49,'DADES VOLUMS'!$A$3:$J$1005,9,FALSE),L49),"") -> 60.320934 | N49: =IFERROR(K49*M49/L49,"") -> 1198.5085 | O49: =IFERROR(N49*VLOOKUP(I49,'DADES VOLUMS'!$A$3:$J$1005,6,FALSE),"") -> 1198.5085 | P49: =IFERROR(O49*VLOOKUP(I49,'DADES VOLUMS'!$A$3:$J$1005,8,FALSE),"") -> 5992.5426 | Q49: =IFERROR(C49/P49/5400,"") -> 0.00030902606
A50: 135/22 | B50: A0053Y5698A | C50: 297042 | D50: 99 | E50: 76 | F50: 43 | G50: 0.1249 | H50: =F50*E50*D50 -> 323532 | I50: Màquina perclor ( VAIOC ) | J50: 0.75 | K50: =IFERROR((VLOOKUP(I50,'DADES VOLUMS'!$A$3:$J$1005,5,FALSE))/('CÀLCUL QUANTITATS VOLUM'!H50)*('CÀLCUL QUANTITATS VOLUM'!J50),"") -> 417.26939 | L50: =IFERROR(G50*K50*VLOOKUP(I50,'DADES VOLUMS'!$A$3:$J$1005,6,FALSE),"") -> 52.116947 | M50: =IFERROR(IF(L50>VLOOKUP(I50,'DADES VOLUMS'!$A$3:$J$1005,9,FALSE),VLOOKUP(I50,'DADES VOLUMS'!$A$3:$J$1005,9,FALSE),L50),"") -> 52.116947 | N50: =IFERROR(K50*M50/L50,"") -> 417.26939 | O50: =IFERROR(N50*VLOOKUP(I50,'DADES VOLUMS'!$A$3:$J$1005,6,FALSE),"") -> 417.26939 | P50: =IFERROR(O50*VLOOKUP(I50,'DADES VOLUMS'!$A$3:$J$1005,8,FALSE),"") -> 2086.3469 | Q50: =IFERROR(C50/P50/5400,"") -> 0.026365595
A51: 343/21 | B51: 633234500 | C51: 37700 | D51: 274 | E51: 42 | F51: 28 | G51: 0.155 | H51: =F51*E51*D51 -> 322224 | I51: Màquina perclor ( VAIOC ) | J51: 0.75 | K51: =IFERROR((VLOOKUP(I51,'DADES VOLUMS'!$A$3:$J$1005,5,FALSE))/('CÀLCUL QUANTITATS VOLUM'!H51)*('CÀLCUL QUANTITATS VOLUM'!J51),"") -> 418.96321 | L51: =IFERROR(G51*K51*VLOOKUP(I51,'DADES VOLUMS'!$A$3:$J$1005,6,FALSE),"") -> 64.939297 | M51: =IFERROR(IF(L51>VLOOKUP(I51,'DADES VOLUMS'!$A$3:$J$1005,9,FALSE),VLOOKUP(I51,'DADES VOLUMS'!$A$3:$J$1005,9,FALSE),L51),"") -> 64.939297 | N51: =IFERROR(K51*M51/L51,"") -> 418.96321 | O51: =IFERROR(N51*VLOOKUP(I51,'DADES VOLUMS'!$A$3:$J$1005,6,FALSE),"") -> 418.96321 | P51: =IFERROR(O51*VLOOKUP(I51,'DADES VOLUMS'!$A$3:$J$1005,8,FALSE),"") -> 2094.816 | Q51: =IFERROR(C51/P51/5400,"") -> 0.0033327421
A52: 344/21 | B52: 634719800 | C52: 49000 | D52: 191 | E52: 92 | F52: 76 | G52: 0.26751 | H52: =F52*E52*D52 -> 1335472 | I52: Màquina perclor ( VAIOC ) | J52: 0.75 | K52: =IFERROR((VLOOKUP(I52,'DADES VOLUMS'!$A$3:$J$1005,5,FALSE))/('CÀLCUL QUANTITATS VOLUM'!H52)*('CÀLCUL QUANTITATS VOLUM'!J52),"") -> 101.08786 | L52: =IFERROR(G52*K52*VLOOKUP(I52,'DADES VOLUMS'!$A$3:$J$1005,6,FALSE),"") -> 27.042012 | M52: =IFERROR(IF(L52>VLOOKUP(I52,'DADES VOLUMS'!$A$3:$J$1005,9,FALSE),VLOOKUP(I52,'DADES VOLUMS'!$A$3:$J$1005,9,FALSE),L52),"") -> 27.042012 | N52: =IFERROR(K52*M52/L52,"") -> 101.08786 | O52: =IFERROR(N52*VLOOKUP(I52,'DADES VOLUMS'!$A$3:$J$1005,6,FALSE),"") -> 101.08786 | P52: =IFERROR(O52*VLOOKUP(I52,'DADES VOLUMS'!$A$3:$J$1005,8,FALSE),"") -> 505.43928 | Q52: =IFERROR(C52/P52/5400,"") -> 0.017952847
A53: 374/22 | B53: A0051T9411 A | C53: 4500000 | D53: 24.5 | E53: 24.5 | F53: 1.55 | G53: 0.00096 | H53: =F53*E53*D53 -> 930.3875 | I53: Màquina perclor ( VAIOC ) | J53: 0.75 | K53: =IFERROR((VLOOKUP(I53,'DADES VOLUMS'!$A$3:$J$1005,5,FALSE))/('CÀLCUL QUANTITATS VOLUM'!H53)*('CÀLCUL QUANTITATS VOLUM'!J53),"") -> 145100.83 | L53: =IFERROR(G53*K53*VLOOKUP(I53,'DADES VOLUMS'!$A$3:$J$1005,6,FALSE),"") -> 139.2968 | M53: =IFERROR(IF(L53>VLOOKUP(I53,'DADES VOLUMS'!$A$3:$J$1005,9,FALSE),VLOOKUP(I53,'DADES VOLUMS'!$A$3:$J$1005,9,FALSE),L53),"") -> 139.2968 | N53: =IFERROR(K53*M53/L53,"") -> 145100.83 | O53: =IFERROR(N53*VLOOKUP(I53,'DADES VOLUMS'!$A$3:$J$1005,6,FALSE),"") -> 145100.83 | P53: =IFERROR(O53*VLOOKUP(I53,'DADES VOLUMS'!$A$3:$J$1005,8,FALSE),"") -> 725504.16 | Q53: =IFERROR(C53/P53/5400,"") -> 0.0011486265
A54: 370/22 | B54: 9470018 | C54: 5125000 | D54: 19 | E54: 16 | F54: 13 | G54: 0.000858 | H54: =F54*E54*D54 -> 3952 | I54: Màquina perclor ( VAIOC ) | J54: 0.5 | K54: =IFERROR((VLOOKUP(I54,'DADES VOLUMS'!$A$3:$J$1005,5,FALSE))/('CÀLCUL QUANTITATS VOLUM'!H54)*('CÀLCUL QUANTITATS VOLUM'!J54),"") -> 22773.279 | L54: =IFERROR(G54*K54*VLOOKUP(I54,'DADES VOLUMS'!$A$3:$J$1005,6,FALSE),"") -> 19.539474 | M54: =IFERROR(IF(L54>VLOOKUP(I54,'DADES VOLUMS'!$A$3:$J$1005,9,FALSE),VLOOKUP(I54,'DADES VOLUMS'!$A$3:$J$1005,9,FALSE),L54),"") -> 19.539474 | N54: =IFERROR(K54*M54/L54,"") -> 22773.279 | O54: =IFERROR(N54*VLOOKUP(I54,'DADES VOLUMS'!$A$3:$J$1005,6,FALSE),"") -> 22773.279 | P54: =IFERROR(O54*VLOOKUP(I54,'DADES VOLUMS'!$A$3:$J$1005,8,FALSE),"") -> 113866.4 | Q54: =IFERROR(C54/P54/5400,"") -> 0.0083349794
A55: 017/23 | B55: 663835800 | C55: 61000 | D55: 276 | E55: 96 | F55: 47 | G55: 0.44243 | H55: =F55*E55*D55 -> 1245312 | I55: Màquina perclor ( VAIOC ) | J55: 0.75 | K55: =IFERROR((VLOOKUP(I55,'DADES VOLUMS'!$A$3:$J$1005,5,FALSE))/('CÀLCUL QUANTITATS VOLUM'!H55)*('CÀLCUL QUANTITATS VOLUM'!J55),"") -> 108.40657 | L55: =IFERROR(G55*K55*VLOOKUP(I55,'DADES VOLUMS'!$A$3:$J$1005,6,FALSE),"") -> 47.962318 | M55: =IFERROR(IF(L55>VLOOKUP(I55,'DADES VOLUMS'!$A$3:$J$1005,9,FALSE),VLOOKUP(I55,'DADES VOLUMS'!$A$3:$J$1005,9,FALSE),L55),"") -> 47.962318 | N55: =IFERROR(K55*M55/L55,"") -> 108.40657 | O55: =IFERROR(N55*VLOOKUP(I55,'DADES VOLUMS'!$A$3:$J$1005,6,FALSE),"") -> 108.40657 | P55: =IFERROR(O55*VLOOKUP(I55,'DADES VOLUMS'!$A$3:$J$1005,8,FALSE),"") -> 542.03284 | Q55: =IFERROR(C55/P55/5400,"") -> 0.020840612
A56: 022/23 | B56: 34274769 | C56: 200000 | D56: 223 | E56: 36 | F56: 32 | G56: 0.08412 | H56: =F56*E56*D56 -> 256896 | I56: Màquina perclor ( VAIOC ) | J56: 0.75 | K56: =IFERROR((VLOOKUP(I56,'DADES VOLUMS'!$A$3:$J$1005,5,FALSE))/('CÀLCUL QUANTITATS VOLUM'!H56)*('CÀLCUL QUANTITATS VOLUM'!J56),"") -> 525.50448 | L56: =IFERROR(G56*K56*VLOOKUP(I56,'DADES VOLUMS'!$A$3:$J$1005,6,FALSE),"") -> 44.205437 | M56: =IFERROR(IF(L56>VLOOKUP(I56,'DADES VOLUMS'!$A$3:$J$1005,9,FALSE),VLOOKUP(I56,'DADES VOLUMS'!$A$3:$J$1005,9,FALSE),L56),"") -> 44.205437 | N56: =IFERROR(K56*M56/L56,"") -> 525.50448 | O56: =IFERROR(N56*VLOOKUP(I56,'DADES VOLUMS'!$A$3:$J$1005,6,FALSE),"") -> 525.50448 | P56: =IFERROR(O56*VLOOKUP(I56,'DADES VOLUMS'!$A$3:$J$1005,8,FALSE),"") -> 2627.5224 | Q56: =IFERROR(C56/P56/5400,"") -> 0.014095802
A57: 015/23 | B57: A022L795A | C57: 200000 | D57: 285 | E57: 43 | F57: 43 | G57: 0.10946 | H57: =F57*E57*D57 -> 526965 | I57: Màquina perclor ( VAIOC ) | J57: 0.75 | K57: =IFERROR((VLOOKUP(I57,'DADES VOLUMS'!$A$3:$J$1005,5,FALSE))/('CÀLCUL QUANTITATS VOLUM'!H57)*('CÀLCUL QUANTITATS VOLUM'!J57),"") -> 256.184 | L57: =IFERROR(G57*K57*VLOOKUP(I57,'DADES VOLUMS'!$A$3:$J$1005,6,FALSE),"") -> 28.0419 | M57: =IFERROR(IF(L57>VLOOKUP(I57,'DADES VOLUMS'!$A$3:$J$1005,9,FALSE),VLOOKUP(I57,'DADES VOLUMS'!$A$3:$J$1005,9,FALSE),L57),"") -> 28.0419 | N57: =IFERROR(K57*M57/L57,"") -> 256.184 | O57: =IFERROR(N57*VLOOKUP(I57,'DADES VOLUMS'!$A$3:$J$1005,6,FALSE),"") -> 256.184 | P57: =IFERROR(O57*VLOOKUP(I57,'DADES VOLUMS'!$A$3:$J$1005,8,FALSE),"") -> 1280.92 | Q57: =IFERROR(C57/P57/5400,"") -> 0.028914403
A58: 015/23 | B58: A022L799A | C58: 100000 | D58: 196 | E58: 88 | F58: 45 | G58: 0.10165 | H58: =F58*E58*D58 -> 776160 | I58: Màquina perclor ( VAIOC ) | J58: 0.75 | K58: =IFERROR((VLOOKUP(I58,'DADES VOLUMS'!$A$3:$J$1005,5,FALSE))/('CÀLCUL QUANTITATS VOLUM'!H58)*('CÀLCUL QUANTITATS VOLUM'!J58),"") -> 173.93321 | L58: =IFERROR(G58*K58*VLOOKUP(I58,'DADES VOLUMS'!$A$3:$J$1005,6,FALSE),"") -> 17.680311 | M58: =IFERROR(IF(L58>VLOOKUP(I58,'DADES VOLUMS'!$A$3:$J$1005,9,FALSE),VLOOKUP(I58,'DADES VOLUMS'!$A$3:$J$1005,9,FALSE),L58),"") -> 17.680311 | N58: =IFERROR(K58*M58/L58,"") -> 173.93321 | O58: =IFERROR(N58*VLOOKUP(I58,'DADES VOLUMS'!$A$3:$J$1005,6,FALSE),"") -> 173.93321 | P58: =IFERROR(O58*VLOOKUP(I58,'DADES VOLUMS'!$A$3:$J$1005,8,FALSE),"") -> 869.66605 | Q58: =IFERROR(C58/P58/5400,"") -> 0.021293827
A59: 024/23 | B59: 6546522 002 | C59: 100000 | D59: 92 | E59: 90 | F59: 86 | G59: 0.26096 | H59: =F59*E59*D59 -> 712080 | I59: Màquina perclor ( VAIOC ) | J59: 0.75 | K59: =IFERROR((VLOOKUP(I59,'DADES VOLUMS'!$A$3:$J$1005,5,FALSE))/('CÀLCUL QUANTITATS VOLUM'!H59)*('CÀLCUL QUANTITATS VOLUM'!J59),"") -> 189.58544 | L59: =IFERROR(G59*K59*VLOOKUP(I59,'DADES VOLUMS'!$A$3:$J$1005,6,FALSE),"") -> 49.474216 | M59: =IFERROR(IF(L59>VLOOKUP(I59,'DADES VOLUMS'!$A$3:$J$1005,9,FALSE),VLOOKUP(I59,'DADES VOLUMS'!$A$3:$J$1005,9,FALSE),L59),"") -> 49.474216 | N59: =IFERROR(K59*M59/L59,"") -> 189.58544 | O59: =IFERROR(N59*VLOOKUP(I59,'DADES VOLUMS'!$A$3:$J$1005,6,FALSE),"") -> 189.58544 | P59: =IFERROR(O59*VLOOKUP(I59,'DADES VOLUMS'!$A$3:$J$1005,8,FALSE),"") -> 947.9272 | Q59: =IFERROR(C59/P59/5400,"") -> 0.019535802
A60: 068/23 | B60: 6238637 001 | C60: 136588 | D60: 86 | E60: 82 | F60: 23 | G60: 0.09102 | H60: =F60*E60*D60 -> 162196 | I60: Màquina perclor ( VAIOC ) | J60: 0.7 | K60: =IFERROR((VLOOKUP(I60,'DADES VOLUMS'!$A$3:$J$1005,5,FALSE))/('CÀLCUL QUANTITATS VOLUM'!H60)*('CÀLCUL QUANTITATS VOLUM'!J60),"") -> 776.8379 | L60: =IFERROR(G60*K60*VLOOKUP(I60,'DADES VOLUMS'!$A$3:$J$1005,6,FALSE),"") -> 70.707786 | M60: =IFERROR(IF(L60>VLOOKUP(I60,'DADES VOLUMS'!$A$3:$J$1005,9,FALSE),VLOOKUP(I60,'DADES VOLUMS'!$A$3:$J$1005,9,FALSE),L60),"") -> 70.707786 | N60: =IFERROR(K60*M60/L60,"") -> 776.8379 | O60: =IFERROR(N60*VLOOKUP(I60,'DADES VOLUMS'!$A$3:$J$1005,6,FALSE),"") -> 776.8379 | P60: =IFERROR(O60*VLOOKUP(I60,'DADES VOLUMS'!$A$3:$J$1005,8,FALSE),"") -> 3884.1895 | Q60: =IFERROR(C60/P60/5400,"") -> 0.0065120597
A61: 155/23 | B61: 307904410-AA3 | C61: 931400 | D61: 81 | E61: 81 | F61: 38 | G61: 0.07772 | H61: =F61*E61*D61 -> 249318 | I61: Màquina perclor ( VAIOC ) | J61: 0.7 | K61: =IFERROR((VLOOKUP(I61,'DADES VOLUMS'!$A$3:$J$1005,5,FALSE))/('CÀLCUL QUANTITATS VOLUM'!H61)*('CÀLCUL QUANTITATS VOLUM'!J61),"") -> 505.37867 | L61: =IFERROR(G61*K61*VLOOKUP(I61,'DADES VOLUMS'!$A$3:$J$1005,6,FALSE),"") -> 39.27803 | M61: =IFERROR(IF(L61>VLOOKUP(I61,'DADES VOLUMS'!$A$3:$J$1005,9,FALSE),VLOOKUP(I61,'DADES VOLUMS'!$A$3:$J$1005,9,FALSE),L61),"") -> 39.27803 | N61: =IFERROR(K61*M61/L61,"") -> 505.37867 | O61: =IFERROR(N61*VLOOKUP(I61,'DADES VOLUMS'!$A$3:$J$1005,6,FALSE),"") -> 505.37867 | P61: =IFERROR(O61*VLOOKUP(I61,'DADES VOLUMS'!$A$3:$J$1005,8,FALSE),"") -> 2526.8934 | Q61: =IFERROR(C61/P61/5400,"") -> 0.068258314
A62: 138/23 | B62: M002025-00 (+) | C62: 1000000 | D62: =242.5/2 -> 121.25 | E62: 88.2 | F62: 20 | G62: 0.1025 | H62: =F62*E62*D62 -> 213885 | I62: KPM 800 MAX - Neteja partícules | J62: 0.7 | K62: =IFERROR((VLOOKUP(I62,'DADES VOLUMS'!$A$3:$J$1005,5,FALSE))/('CÀLCUL QUANTITATS VOLUM'!H62)*('CÀLCUL QUANTITATS VOLUM'!J62),"") -> 314.18753 | L62: =IFERROR(G62*K62*VLOOKUP(I62,'DADES VOLUMS'!$A$3:$J$1005,6,FALSE),"") -> 96.612666 | M62: =IFERROR(IF(L62>VLOOKUP(I62,'DADES VOLUMS'!$A$3:$J$1005,9,FALSE),VLOOKUP(I62,'DADES VOLUMS'!$A$3:$J$1005,9,FALSE),L62),"") -> 96.612666 | N62: =IFERROR(K62*M62/L62,"") -> 314.18753 | O62: =IFERROR(N62*VLOOKUP(I62,'DADES VOLUMS'!$A$3:$J$1005,6,FALSE),"") -> 942.56259 | P62: =IFERROR(O62*VLOOKUP(I62,'DADES VOLUMS'!$A$3:$J$1005,8,FALSE),"") -> 2356.4065 | Q62: =IFERROR(C62/P62/5400,"") -> 0.078587963 | S62: 600 | T62: 600 | U62: OK | V62: ? | W62: NO
A63: 138/23 | B63: M002026-00 (-) | C63: 1000000 | D63: =242.5/2 -> 121.25 | E63: 77.2 | F63: 26 | G63: 0.1229 | H63: =F63*E63*D63 -> 243373 | I63: KPM 800 MAX - Neteja partícules | J63: 0.7 | K63: =IFERROR((VLOOKUP(I63,'DADES VOLUMS'!$A$3:$J$1005,5,FALSE))/('CÀLCUL QUANTITATS VOLUM'!H63)*('CÀLCUL QUANTITATS VOLUM'!J63),"") -> 276.11937 | L63: =IFERROR(G63*K63*VLOOKUP(I63,'DADES VOLUMS'!$A$3:$J$1005,6,FALSE),"") -> 101.80521 | M63: =IFERROR(IF(L63>VLOOKUP(I63,'DADES VOLUMS'!$A$3:$J$1005,9,FALSE),VLOOKUP(I63,'DADES VOLUMS'!$A$3:$J$1005,9,FALSE),L63),"") -> 101.80521 | N63: =IFERROR(K63*M63/L63,"") -> 276.11937 | O63: =IFERROR(N63*VLOOKUP(I63,'DADES VOLUMS'!$A$3:$J$1005,6,FALSE),"") -> 828.35812 | P63: =IFERROR(O63*VLOOKUP(I63,'DADES VOLUMS'!$A$3:$J$1005,8,FALSE),"") -> 2070.8953 | Q63: =IFERROR(C63/P63/5400,"") -> 0.089422766 | S63: 600 | T63: 600 | U63: OK | V63: ? | W63: NO
A64: 361/20 | B64: 1102 327 058 DES001 | C64: 5343205 | D64: 23.6 | E64: 15.7 | F64: 8 | G64: 0.001 | H64: =F64*E64*D64 -> 2964.16 | I64: KPM 800 MAX - Neteja partícules | J64: 0.9 | K64: =IFERROR((VLOOKUP(I64,'DADES VOLUMS'!$A$3:$J$1005,5,FALSE))/('CÀLCUL QUANTITATS VOLUM'!H64)*('CÀLCUL QUANTITATS VOLUM'!J64),"") -> 29148.224 | L64: =IFERROR(G64*K64*VLOOKUP(I64,'DADES VOLUMS'!$A$3:$J$1005,6,FALSE),"") -> 87.444672 | M64: =IFERROR(IF(L64>VLOOKUP(I64,'DADES VOLUMS'!$A$3:$J$1005,9,FALSE),VLOOKUP(I64,'DADES VOLUMS'!$A$3:$J$1005,9,FALSE),L64),"") -> 87.444672 | N64: =IFERROR(K64*M64/L64,"") -> 29148.224 | O64: =IFERROR(N64*VLOOKUP(I64,'DADES VOLUMS'!$A$3:$J$1005,6,FALSE),"") -> 87444.672 | P64: =IFERROR(O64*VLOOKUP(I64,'DADES VOLUMS'!$A$3:$J$1005,8,FALSE),"") -> 218611.68 | Q64: =IFERROR(C64/P64/5400,"") -> 0.0045262101 | S64: 600 | T64: 600 | U64: OK | V64: 0.15 | W64: NO
B65: 1087 327 229 DES001 | C65: 1934561 | D65: 29.4 | E65: 28.7 | F65: 6.6 | G65: 0.005 | H65: =F65*E65*D65 -> 5568.948 | I65: KPM 800 MAX - Neteja partícules | J65: 0.9 | K65: =IFERROR((VLOOKUP(I65,'DADES VOLUMS'!$A$3:$J$1005,5,FALSE))/('CÀLCUL QUANTITATS VOLUM'!H65)*('CÀLCUL QUANTITATS VOLUM'!J65),"") -> 15514.6 | L65: =IFERROR(G65*K65*VLOOKUP(I65,'DADES VOLUMS'!$A$3:$J$1005,6,FALSE),"") -> 232.719 | M65: =IFERROR(IF(L65>VLOOKUP(I65,'DADES VOLUMS'!$A$3:$J$1005,9,FALSE),VLOOKUP(I65,'DADES VOLUMS'!$A$3:$J$1005,9,FALSE),L65),"") -> 232.719 | N65: =IFERROR(K65*M65/L65,"") -> 15514.6 | O65: =IFERROR(N65*VLOOKUP(I65,'DADES VOLUMS'!$A$3:$J$1005,6,FALSE),"") -> 46543.8 | P65: =IFERROR(O65*VLOOKUP(I65,'DADES VOLUMS'!$A$3:$J$1005,8,FALSE),"") -> 116359.5 | Q65: =IFERROR(C65/P65/5400,"") -> 0.0030788379 | S65: 600 | T65: 600 | U65: OK | V65: 0.15 | W65: NO
B66: 1094 327 139 DES001 | C66: 6306922 | D66: 11.7 | E66: 6 | F66: 4 | G66: 0.007 | H66: =F66*E66*D66 -> 280.8 | I66: KPM 800 MAX - Neteja partícules | J66: 0.9 | K66: =IFERROR((VLOOKUP(I66,'DADES VOLUMS'!$A$3:$J$1005,5,FALSE))/('CÀLCUL QUANTITATS VOLUM'!H66)*('CÀLCUL QUANTITATS VOLUM'!J66),"") -> 307692.31 | L66: =IFERROR(G66*K66*VLOOKUP(I66,'DADES VOLUMS'!$A$3:$J$1005,6,FALSE),"") -> 6461.5385 | M66: =IFERROR(IF(L66>VLOOKUP(I66,'DADES VOLUMS'!$A$3:$J$1005,9,FALSE),VLOOKUP(I66,'DADES VOLUMS'!$A$3:$J$1005,9,FALSE),L66),"") -> 6461.5385 | N66: =IFERROR(K66*M66/L66,"") -> 307692.31 | O66: =IFERROR(N66*VLOOKUP(I66,'DADES VOLUMS'!$A$3:$J$1005,6,FALSE),"") -> 923076.92 | P66: =IFERROR(O66*VLOOKUP(I66,'DADES VOLUMS'!$A$3:$J$1005,8,FALSE),"") -> 2307692.3 | Q66: =IFERROR(C66/P66/5400,"") -> 0.00050611102 | S66: 600 | T66: 600 | U66: OK | V66: 0.15 | W66: NO
B67: 1102 327 008 DES001 | C67: 5343205 | D67: 21.5 | E67: 14.7 | F67: 6.4 | G67: 0.001 | H67: =F67*E67*D67 -> 2022.72 | I67: KPM 800 MAX - Neteja partícules | J67: 0.9 | K67: =IFERROR((VLOOKUP(I67,'DADES VOLUMS'!$A$3:$J$1005,5,FALSE))/('CÀLCUL QUANTITATS VOLUM'!H67)*('CÀLCUL QUANTITATS VOLUM'!J67),"") -> 42714.76 | L67: =IFERROR(G67*K67*VLOOKUP(I67,'DADES VOLUMS'!$A$3:$J$1005,6,FALSE),"") -> 128.14428 | M67: =IFERROR(IF(L67>VLOOKUP(I67,'DADES VOLUMS'!$A$3:$J$1005,9,FALSE),VLOOKUP(I67,'DADES VOLUMS'!$A$3:$J$1005,9,FALSE),L67),"") -> 128.14428 | N67: =IFERROR(K67*M67/L67,"") -> 42714.76 | O67: =IFERROR(N67*VLOOKUP(I67,'DADES VOLUMS'!$A$3:$J$1005,6,FALSE),"") -> 128144.28 | P67: =IFERROR(O67*VLOOKUP(I67,'DADES VOLUMS'!$A$3:$J$1005,8,FALSE),"") -> 320360.7 | Q67: =IFERROR(C67/P67/5400,"") -> 0.003088651 | S67: 600 | T67: 600 | U67: OK | V67: 0.15 | W67: NO
B68: 1087 327 192 DES001 | C68: 362728 | D68: 42.4 | E68: 39.45 | F68: 6.39 | G68: 0.004 | H68: =F68*E68*D68 -> 10688.425 | I68: KPM 800 MAX - Neteja partícules | J68: 0.9 | K68: =IFERROR((VLOOKUP(I68,'DADES VOLUMS'!$A$3:$J$1005,5,FALSE))/('CÀLCUL QUANTITATS VOLUM'!H68)*('CÀLCUL QUANTITATS VOLUM'!J68),"") -> 8083.5107 | L68: =IFERROR(G68*K68*VLOOKUP(I68,'DADES VOLUMS'!$A$3:$J$1005,6,FALSE),"") -> 97.002129 | M68: =IFERROR(IF(L68>VLOOKUP(I68,'DADES VOLUMS'!$A$3:$J$1005,9,FALSE),VLOOKUP(I68,'DADES VOLUMS'!$A$3:$J$1005,9,FALSE),L68),"") -> 97.002129 | N68: =IFERROR(K68*M68/L68,"") -> 8083.5107 | O68: =IFERROR(N68*VLOOKUP(I68,'DADES VOLUMS'!$A$3:$J$1005,6,FALSE),"") -> 24250.532 | P68: =IFERROR(O68*VLOOKUP(I68,'DADES VOLUMS'!$A$3:$J$1005,8,FALSE),"") -> 60626.331 | Q68: =IFERROR(C68/P68/5400,"") -> 0.001107965 | S68: 600 | T68: 600 | U68: OK | V68: 0.2 | W68: NO
B69: 1094 327 112 DES001 | C69: 329203 | D69: 27.8 | E69: 16.06 | F69: 9.2 | G69: 0.003 | H69: =F69*E69*D69 -> 4107.5056 | I69: KPM 800 MAX - Neteja partícules | J69: 0.9 | K69: =IFERROR((VLOOKUP(I69,'DADES VOLUMS'!$A$3:$J$1005,5,FALSE))/('CÀLCUL QUANTITATS VOLUM'!H69)*('CÀLCUL QUANTITATS VOLUM'!J69),"") -> 21034.664 | L69: =IFERROR(G69*K69*VLOOKUP(I69,'DADES VOLUMS'!$A$3:$J$1005,6,FALSE),"") -> 189.31198 | M69: =IFERROR(IF(L69>VLOOKUP(I69,'DADES VOLUMS'!$A$3:$J$1005,9,FALSE),VLOOKUP(I69,'DADES VOLUMS'!$A$3:$J$1005,9,FALSE),L69),"") -> 189.31198 | N69: =IFERROR(K69*M69/L69,"") -> 21034.664 | O69: =IFERROR(N69*VLOOKUP(I69,'DADES VOLUMS'!$A$3:$J$1005,6,FALSE),"") -> 63103.992 | P69: =IFERROR(O69*VLOOKUP(I69,'DADES VOLUMS'!$A$3:$J$1005,8,FALSE),"") -> 157759.98 | Q69: =IFERROR(C69/P69/5400,"") -> 0.00038643209 | S69: 600 | T69: 600 | U69: OK | V69: 0.15 | W69: NO
B70: 1068 327 152 DES001 | C70: 2359240 | D70: 12 | E70: 11.7 | F70: 4 | G70: 0.0012 | H70: =F70*E70*D70 -> 561.6 | I70: KPM 800 MAX - Neteja partícules | J70: 0.9 | K70: =IFERROR((VLOOKUP(I70,'DADES VOLUMS'!$A$3:$J$1005,5,FALSE))/('CÀLCUL QUANTITATS VOLUM'!H70)*('CÀLCUL QUANTITATS VOLUM'!J70),"") -> 153846.15 | L70: =IFERROR(G70*K70*VLOOKUP(I70,'DADES VOLUMS'!$A$3:$J$1005,6,FALSE),"") -> 553.84615 | M70: =IFERROR(IF(L70>VLOOKUP(I70,'DADES VOLUMS'!$A$3:$J$1005,9,FALSE),VLOOKUP(I70,'DADES VOLUMS'!$A$3:$J$1005,9,FALSE),L70),"") -> 553.84615 | N70: =IFERROR(K70*M70/L70,"") -> 153846.15 | O70: =IFERROR(N70*VLOOKUP(I70,'DADES VOLUMS'!$A$3:$J$1005,6,FALSE),"") -> 461538.46 | P70: =IFERROR(O70*VLOOKUP(I70,'DADES VOLUMS'!$A$3:$J$1005,8,FALSE),"") -> 1153846.2 | Q70: =IFERROR(C70/P70/5400,"") -> 0.00037864346 | S70: 600 | T70: 600 | U70: OK | V70: 0.15 | W70: NO
A71: 398/20 | B71: 0168 227 010 DES001 | C71: 1410000 | D71: 31.9 | E71: 31.15 | F71: 12.8 | G71: 0.005 | H71: =F71*E71*D71 -> 12719.168 | I71: KPM 800 MAX - Neteja partícules | J71: 0.9 | K71: =IFERROR((VLOOKUP(I71,'DADES VOLUMS'!$A$3:$J$1005,5,FALSE))/('CÀLCUL QUANTITATS VOLUM'!H71)*('CÀLCUL QUANTITATS VOLUM'!J71),"") -> 6792.8971 | L71: =IFERROR(G71*K71*VLOOKUP(I71,'DADES VOLUMS'!$A$3:$J$1005,6,FALSE),"") -> 101.89346 | M71: =IFERROR(IF(L71>VLOOKUP(I71,'DADES VOLUMS'!$A$3:$J$1005,9,FALSE),VLOOKUP(I71,'DADES VOLUMS'!$A$3:$J$1005,9,FALSE),L71),"") -> 101.89346 | N71: =IFERROR(K71*M71/L71,"") -> 6792.8971 | O71: =IFERROR(N71*VLOOKUP(I71,'DADES VOLUMS'!$A$3:$J$1005,6,FALSE),"") -> 20378.691 | P71: =IFERROR(O71*VLOOKUP(I71,'DADES VOLUMS'!$A$3:$J$1005,8,FALSE),"") -> 50946.729 | Q71: =IFERROR(C71/P71/5400,"") -> 0.0051251791 | S71: 600 | T71: 600 | U71: OK | V71: 0.15 | W71: NO
A72: 036/21 | B72: E10459429 A | C72: 46242 | D72: 248.93 | E72: 175.4 | F72: 9.26 | G72: 0.372 | H72: =F72*E72*D72 -> 404313.1 | I72: KPM 800 MAX - Neteja partícules | J72: 0.4 | K72: =IFERROR((VLOOKUP(I72,'DADES VOLUMS'!$A$3:$J$1005,5,FALSE))/('CÀLCUL QUANTITATS VOLUM'!H72)*('CÀLCUL QUANTITATS VOLUM'!J72),"") -> 94.975898 | L72: =IFERROR(G72*K72*VLOOKUP(I72,'DADES VOLUMS'!$A$3:$J$1005,6,FALSE),"") -> 105.9931 | M72: =IFERROR(IF(L72>VLOOKUP(I72,'DADES VOLUMS'!$A$3:$J$1005,9,FALSE),VLOOKUP(I72,'DADES VOLUMS'!$A$3:$J$1005,9,FALSE),L72),"") -> 105.9931 | N72: =IFERROR(K72*M72/L72,"") -> 94.975898 | O72: =IFERROR(N72*VLOOKUP(I72,'DADES VOLUMS'!$A$3:$J$1005,6,FALSE),"") -> 284.92769 | P72: =IFERROR(O72*VLOOKUP(I72,'DADES VOLUMS'!$A$3:$J$1005,8,FALSE),"") -> 712.31924 | Q72: =IFERROR(C72/P72/5400,"") -> 0.012021763 | S72: 400 | T72: 600 | U72: OK | V72: 0.5 | W72: NO
A73: 077/21 | B73: A0026V5899 D | C73: 388276 | D73: 164.98 | E73: 162.28 | F73: 10.53 | G73: 0.08 | H73: =F73*E73*D73 -> 281919.21 | I73: KPM 800 MAX - Neteja partícules | J73: 0.5 | K73: =IFERROR((VLOOKUP(I73,'DADES VOLUMS'!$A$3:$J$1005,5,FALSE))/('CÀLCUL QUANTITATS VOLUM'!H73)*('CÀLCUL QUANTITATS VOLUM'!J73),"") -> 170.26154 | L73: =IFERROR(G73*K73*VLOOKUP(I73,'DADES VOLUMS'!$A$3:$J$1005,6,FALSE),"") -> 40.862771 | M73: =IFERROR(IF(L73>VLOOKUP(I73,'DADES VOLUMS'!$A$3:$J$1005,9,FALSE),VLOOKUP(I73,'DADES VOLUMS'!$A$3:$J$1005,9,FALSE),L73),"") -> 40.862771 | N73: =IFERROR(K73*M73/L73,"") -> 170.26154 | O73: =IFERROR(N73*VLOOKUP(I73,'DADES VOLUMS'!$A$3:$J$1005,6,FALSE),"") -> 510.78463 | P73: =IFERROR(O73*VLOOKUP(I73,'DADES VOLUMS'!$A$3:$J$1005,8,FALSE),"") -> 1276.9616 | Q73: =IFERROR(C73/P73/5400,"") -> 0.056307851 | S73: 200 | T73: 450 | U73: 2000 | V73: ? | W73: NO
A74: 176/21 | B74: A0018E8508 | C74: 220000 | D74: 58.95 | E74: 39.51 | F74: 26.3 | G74: 0.01 | H74: =F74*E74*D74 -> 61255.711 | I74: KPM 800 MAX - Neteja partícules | J74: 0.9 | K74: =IFERROR((VLOOKUP(I74,'DADES VOLUMS'!$A$3:$J$1005,5,FALSE))/('CÀLCUL QUANTITATS VOLUM'!H74)*('CÀLCUL QUANTITATS VOLUM'!J74),"") -> 1410.4807 | L74: =IFERROR(G74*K74*VLOOKUP(I74,'DADES VOLUMS'!$A$3:$J$1005,6,FALSE),"") -> 42.314422 | M74: =IFERROR(IF(L74>VLOOKUP(I74,'DADES VOLUMS'!$A$3:$J$1005,9,FALSE),VLOOKUP(I74,'DADES VOLUMS'!$A$3:$J$1005,9,FALSE),L74),"") -> 42.314422 | N74: =IFERROR(K74*M74/L74,"") -> 1410.4807 | O74: =IFERROR(N74*VLOOKUP(I74,'DADES VOLUMS'!$A$3:$J$1005,6,FALSE),"") -> 4231.4422 | P74: =IFERROR(O74*VLOOKUP(I74,'DADES VOLUMS'!$A$3:$J$1005,8,FALSE),"") -> 10578.605 | Q74: =IFERROR(C74/P74/5400,"") -> 0.0038512393 | S74: 200 | T74: 500 | U74: ? | V74: 0.5 | W74: NO
A75: 224/21 | B75: 99000530_DES001 | C75: 893594 | D75: 240 | E75: 138 | F75: 16.9 | G75: 0.22 | H75: =F75*E75*D75 -> 559728 | I75: KPM 800 MAX - Neteja partícules | J75: 0.5 | K75: =IFERROR((VLOOKUP(I75,'DADES VOLUMS'!$A$3:$J$1005,5,FALSE))/('CÀLCUL QUANTITATS VOLUM'!H75)*('CÀLCUL QUANTITATS VOLUM'!J75),"") -> 85.755939 | L75: =IFERROR(G75*K75*VLOOKUP(I75,'DADES VOLUMS'!$A$3:$J$1005,6,FALSE),"") -> 56.598919 | M75: =IFERROR(IF(L75>VLOOKUP(I75,'DADES VOLUMS'!$A$3:$J$1005,9,FALSE),VLOOKUP(I75,'DADES VOLUMS'!$A$3:$J$1005,9,FALSE),L75),"") -> 56.598919 | N75: =IFERROR(K75*M75/L75,"") -> 85.755939 | O75: =IFERROR(N75*VLOOKUP(I75,'DADES VOLUMS'!$A$3:$J$1005,6,FALSE),"") -> 257.26782 | P75: =IFERROR(O75*VLOOKUP(I75,'DADES VOLUMS'!$A$3:$J$1005,8,FALSE),"") -> 643.16954 | Q75: =IFERROR(C75/P75/5400,"") -> 0.25728888 | S75: 400 | T75: 400 | U75: ? | V75: 2 | W75: NO
A76: 322/22 | B76: 233082 | C76: 1130796 | D76: 136.11 | E76: 105.16 | F76: 7.27 | G76: 0.09669 | H76: =F76*E76*D76 -> 104057.89 | I76: KPM 800 MAX - Neteja partícules | J76: 0.5 | K76: =IFERROR((VLOOKUP(I76,'DADES VOLUMS'!$A$3:$J$1005,5,FALSE))/('CÀLCUL QUANTITATS VOLUM'!H76)*('CÀLCUL QUANTITATS VOLUM'!J76),"") -> 461.28169 | L76: =IFERROR(G76*K76*VLOOKUP(I76,'DADES VOLUMS'!$A$3:$J$1005,6,FALSE),"") -> 133.80398 | M76: =IFERROR(IF(L76>VLOOKUP(I76,'DADES VOLUMS'!$A$3:$J$1005,9,FALSE),VLOOKUP(I76,'DADES VOLUMS'!$A$3:$J$1005,9,FALSE),L76),"") -> 133.80398 | N76: =IFERROR(K76*M76/L76,"") -> 461.28169 | O76: =IFERROR(N76*VLOOKUP(I76,'DADES VOLUMS'!$A$3:$J$1005,6,FALSE),"") -> 1383.8451 | P76: =IFERROR(O76*VLOOKUP(I76,'DADES VOLUMS'!$A$3:$J$1005,8,FALSE),"") -> 3459.6127 | Q76: =IFERROR(C76/P76/5400,"") -> 0.060528934 | S76: 200 | T76: 200 | U76: 100 | V76: ? | W76: NO
A77: 344/19 | B77: 51006612 - 6553929 | C77: 717000 | D77: 184 | E77: 103 | F77: 25 | G77: 0.205 | H77: =F77*E77*D77 -> 473800 | I77: KPM 800 MAX - Desengreix | J77: 0.92 | K77: =IFERROR((VLOOKUP(I77,'DADES VOLUMS'!$A$3:$J$1005,5,FALSE))/('CÀLCUL QUANTITATS VOLUM'!H77)*('CÀLCUL QUANTITATS VOLUM'!J77),"") -> 186.40777 | L77: =IFERROR(G77*K77*VLOOKUP(I77,'DADES VOLUMS'!$A$3:$J$1005,6,FALSE),"") -> 114.64078 | M77: =IFERROR(IF(L77>VLOOKUP(I77,'DADES VOLUMS'!$A$3:$J$1005,9,FALSE),VLOOKUP(I77,'DADES VOLUMS'!$A$3:$J$1005,9,FALSE),L77),"") -> 114.64078 | N77: =IFERROR(K77*M77/L77,"") -> 186.40777 | O77: =IFERROR(N77*VLOOKUP(I77,'DADES VOLUMS'!$A$3:$J$1005,6,FALSE),"") -> 559.2233 | P77: =IFERROR(O77*VLOOKUP(I77,'DADES VOLUMS'!$A$3:$J$1005,8,FALSE),"") -> 2236.8932 | Q77: =IFERROR(C77/P77/5400,"") -> 0.059358121 | Y77: =C77/P77 -> 320.53385
A78: 344/19 | B78: 51006612 - 6553929 | C78: 717000 | D78: 184 | E78: 103 | F78: 25 | G78: 0.205 | H78: =F78*E78*D78 -> 473800 | I78: Màquina perclor ( VAIOC ) | J78: 0.92 | K78: =IFERROR((VLOOKUP(I78,'DADES VOLUMS'!$A$3:$J$1005,5,FALSE))/('CÀLCUL QUANTITATS VOLUM'!H78)*('CÀLCUL QUANTITATS VOLUM'!J78),"") -> 349.51456 | L78: =IFERROR(G78*K78*VLOOKUP(I78,'DADES VOLUMS'!$A$3:$J$1005,6,FALSE),"") -> 71.650485 | M78: =IFERROR(IF(L78>VLOOKUP(I78,'DADES VOLUMS'!$A$3:$J$1005,9,FALSE),VLOOKUP(I78,'DADES VOLUMS'!$A$3:$J$1005,9,FALSE),L78),"") -> 71.650485 | N78: =IFERROR(K78*M78/L78,"") -> 349.51456 | O78: =IFERROR(N78*VLOOKUP(I78,'DADES VOLUMS'!$A$3:$J$1005,6,FALSE),"") -> 349.51456 | P78: =IFERROR(O78*VLOOKUP(I78,'DADES VOLUMS'!$A$3:$J$1005,8,FALSE),"") -> 1747.5728 | Q78: =IFERROR(C78/P78/5400,"") -> 0.075978395 | X78: Dades contrastades realment. 350 x gàbia. | Y78: =C78/P78 -> 410.28333 | Z78: =Y78-Y77 -> 89.749479 | AA78: =Z78*20 -> 1794.9896
A79: 344/19 | B79: 51006612 - 6553929 | C79: 717000 | D79: 184 | E79: 103 | F79: 25 | G79: 0.205 | H79: =F79*E79*D79 -> 473800 | I79: SAP | P79: 833 | Q79: =IFERROR(C79/P79/5400,"") -> 0.15939709
A80: 344/19 | B80: 51006612 - 6553929 | C80: 717000 | D80: 184 | E80: 103 | F80: 25 | G80: 0.205 | H80: =F80*E80*D80 -> 473800 | I80: Escandall SOME | P80: 1300 | Q80: =IFERROR(C80/P80/5400,"") -> 0.10213675
A81: 175/20 | B81: 51006731 - 3118675 | C81: 751048 | D81: 151 | E81: 54.8 | F81: 26.3 | G81: 0.099 | H81: =F81*E81*D81 -> 217627.24 | I81: KPM 800 MAX - Desengreix | J81: 0.72 | K81: =IFERROR((VLOOKUP(I81,'DADES VOLUMS'!$A$3:$J$1005,5,FALSE))/('CÀLCUL QUANTITATS VOLUM'!H81)*('CÀLCUL QUANTITATS VOLUM'!J81),"") -> 317.6073 | L81: =IFERROR(G81*K81*VLOOKUP(I81,'DADES VOLUMS'!$A$3:$J$1005,6,FALSE),"") -> 94.329368 | M81: =IFERROR(IF(L81>VLOOKUP(I81,'DADES VOLUMS'!$A$3:$J$1005,9,FALSE),VLOOKUP(I81,'DADES VOLUMS'!$A$3:$J$1005,9,FALSE),L81),"") -> 94.329368 | N81: =IFERROR(K81*M81/L81,"") -> 317.6073 | O81: =IFERROR(N81*VLOOKUP(I81,'DADES VOLUMS'!$A$3:$J$1005,6,FALSE),"") -> 952.8219 | P81: =IFERROR(O81*VLOOKUP(I81,'DADES VOLUMS'!$A$3:$J$1005,8,FALSE),"") -> 3811.2876 | Q81: =IFERROR(C81/P81/5400,"") -> 0.036492382 | Y81: =C81/P81 -> 197.05886
A82: 175/20 | B82: 51006731 - 3118675 | C82: 751048 | D82: 151 | E82: 54.8 | F82: 26 | G82: 0.099 | H82: =F82*E82*D82 -> 215144.8 | I82: Màquina perclor ( VAIOC ) | J82: 0.72 | K82: =IFERROR((VLOOKUP(I82,'DADES VOLUMS'!$A$3:$J$1005,5,FALSE))/('CÀLCUL QUANTITATS VOLUM'!H82)*('CÀLCUL QUANTITATS VOLUM'!J82),"") -> 602.385 | L82: =IFERROR(G82*K82*VLOOKUP(I82,'DADES VOLUMS'!$A$3:$J$1005,6,FALSE),"") -> 59.636115 | M82: =IFERROR(IF(L82>VLOOKUP(I82,'DADES VOLUMS'!$A$3:$J$1005,9,FALSE),VLOOKUP(I82,'DADES VOLUMS'!$A$3:$J$1005,9,FALSE),L82),"") -> 59.636115 | N82: =IFERROR(K82*M82/L82,"") -> 602.385 | O82: =IFERROR(N82*VLOOKUP(I82,'DADES VOLUMS'!$A$3:$J$1005,6,FALSE),"") -> 602.385 | P82: =IFERROR(O82*VLOOKUP(I82,'DADES VOLUMS'!$A$3:$J$1005,8,FALSE),"") -> 3011.925 | Q82: =IFERROR(C82/P82/5400,"") -> 0.046177432 | X82: Dades contrastades realment. 600 x gàbia. | Y82: =C82/P82 -> 249.35814 | Z82: =Y82-Y81 -> 52.299272 | AA82: =Z82*20 -> 1045.9854
A83: 175/20 | B83: 51006731 - 3118675 | C83: 751048 | D83: 151 | E83: 54.8 | F83: 26.3 | G83: 0.099 | H83: =F83*E83*D83 -> 217627.24 | I83: SAP | P83: En línea | Q83: =IFERROR(C83/P83/5400,"")
A84: 175/20 | B84: 51006731 - 3118675 | C84: 751048 | D84: 151 | E84: 54.8 | F84: 26 | G84: 0.099 | H84: =F84*E84*D84 -> 215144.8 | I84: Escandall SOME | P84: En línea | Q84: =IFERROR(C84/P84/5400,"") | X84: Mides matriu 1000 x 840
A85: 003/23 | B85: 5704853 | C85: 145000 | D85: 81 | E85: 101 | F85: 84 | G85: 0.155 | H85: =F85*E85*D85 -> 687204 | I85: B1 | J85: 0.8 | K85: =IFERROR((VLOOKUP(I85,'DADES VOLUMS'!$A$3:$J$1005,5,FALSE))/(('CÀLCUL QUANTITATS VOLUM'!H85)*('CÀLCUL QUANTITATS VOLUM'!J85)),"") -> 91.675834 | L85: =IFERROR(G85*K85*VLOOKUP(I85,'DADES VOLUMS'!$A$3:$J$1005,6,FALSE),"") -> 14.209754 | M85: =IFERROR(IF(L85>VLOOKUP(I85,'DADES VOLUMS'!$A$3:$J$1005,9,FALSE),VLOOKUP(I85,'DADES VOLUMS'!$A$3:$J$1005,9,FALSE),L85),"") -> 0 | N85: =IFERROR(K85*M85/L85,"") -> 0 | O85: =IFERROR(N85*VLOOKUP(I85,'DADES VOLUMS'!$A$3:$J$1005,6,FALSE),"") -> 0 | P85: =IFERROR(O85*VLOOKUP(I85,'DADES VOLUMS'!$A$3:$J$1005,8,FALSE),"") -> 0 | Q85: =IFERROR(C85/P85/5400,"")
B86: 643924100 | D86: 52 | E86: 19 | F86: 20 | G86: 0.016 | H86: =F86*E86*D86 -> 19760 | I86: KPM 800 MAX - Desengreix | J86: 1.2 | K86: =IFERROR((VLOOKUP(I86,'DADES VOLUMS'!$A$3:$J$1005,5,FALSE))/(('CÀLCUL QUANTITATS VOLUM'!H86)*('CÀLCUL QUANTITATS VOLUM'!J86)),"") -> 4048.583 | L86: =IFERROR(G86*K86*VLOOKUP(I86,'DADES VOLUMS'!$A$3:$J$1005,6,FALSE),"") -> 194.33198 | M86: =IFERROR(IF(L86>VLOOKUP(I86,'DADES VOLUMS'!$A$3:$J$1005,9,FALSE),VLOOKUP(I86,'DADES VOLUMS'!$A$3:$J$1005,9,FALSE),L86),"") -> 194.33198 | N86: =IFERROR(K86*M86/L86,"") -> 4048.583 | O86: =IFERROR(N86*VLOOKUP(I86,'DADES VOLUMS'!$A$3:$J$1005,6,FALSE),"") -> 12145.749 | P86: =IFERROR(O86*VLOOKUP(I86,'DADES VOLUMS'!$A$3:$J$1005,8,FALSE),"") -> 48582.996 | Q86: =IFERROR(C86/P86/5400,"") -> 0
B87: 643924100 | D87: 52 | E87: 19 | F87: 20 | G87: 0.016 | H87: =F87*E87*D87 -> 19760 | I87: Màquina perclor ( VAIOC ) | J87: 1.2 | K87: =IFERROR((VLOOKUP(I87,'DADES VOLUMS'!$A$3:$J$1005,5,FALSE))/(('CÀLCUL QUANTITATS VOLUM'!H87)*('CÀLCUL QUANTITATS VOLUM'!J87)),"") -> 7591.0931 | L87: =IFERROR(G87*K87*VLOOKUP(I87,'DADES VOLUMS'!$A$3:$J$1005,6,FALSE),"") -> 121.45749 | M87: =IFERROR(IF(L87>VLOOKUP(I87,'DADES VOLUMS'!$A$3:$J$1005,9,FALSE),VLOOKUP(I87,'DADES VOLUMS'!$A$3:$J$1005,9,FALSE),L87),"") -> 121.45749 | N87: =IFERROR(K87*M87/L87,"") -> 7591.0931 | O87: =IFERROR(N87*VLOOKUP(I87,'DADES VOLUMS'!$A$3:$J$1005,6,FALSE),"") -> 7591.0931 | P87: =IFERROR(O87*VLOOKUP(I87,'DADES VOLUMS'!$A$3:$J$1005,8,FALSE),"") -> 37955.466 | Q87: =IFERROR(C87/P87/5400,"") -> 0
B88: 51005553 | D88: 61 | E88: 20 | F88: 22 | G88: 0.015 | H88: =F88*E88*D88 -> 26840 | I88: Ref 2263 | J88: 1.2 | K88: =IFERROR((VLOOKUP(I88,'DADES VOLUMS'!$A$3:$J$1005,5,FALSE))/(('CÀLCUL QUANTITATS VOLUM'!H88)*('CÀLCUL QUANTITATS VOLUM'!J88)),"") -> 511.01434 | Q88: =IFERROR(C88/P88/5400,"")
B89: 51005553 | D89: 61 | E89: 20 | F89: 22 | G89: 0.015 | H89: =F89*E89*D89 -> 26840 | I89: Màquina perclor ( VAIOC ) | J89: 1.2 | K89: =IFERROR((VLOOKUP(I89,'DADES VOLUMS'!$A$3:$J$1005,5,FALSE))/(('CÀLCUL QUANTITATS VOLUM'!H89)*('CÀLCUL QUANTITATS VOLUM'!J89)),"") -> 5588.6736 | L89: =IFERROR(G89*K89*VLOOKUP(I89,'DADES VOLUMS'!$A$3:$J$1005,6,FALSE),"") -> 83.830104 | M89: =IFERROR(IF(L89>VLOOKUP(I89,'DADES VOLUMS'!$A$3:$J$1005,9,FALSE),VLOOKUP(I89,'DADES VOLUMS'!$A$3:$J$1005,9,FALSE),L89),"") -> 83.830104 | N89: =IFERROR(K89*M89/L89,"") -> 5588.6736 | O89: =IFERROR(N89*VLOOKUP(I89,'DADES VOLUMS'!$A$3:$J$1005,6,FALSE),"") -> 5588.6736 | P89: =IFERROR(O89*VLOOKUP(I89,'DADES VOLUMS'!$A$3:$J$1005,8,FALSE),"") -> 27943.368 | Q89: =IFERROR(C89/P89/5400,"") -> 0
B90: 51005553 | D90: 61 | E90: 20 | F90: 22 | G90: 0.015 | H90: =F90*E90*D90 -> 26840 | I90: Escandall SOME | J90: 1 | P90: 20000 | Q90: =IFERROR(C90/P90/5400,"") -> 0
B91: 51006224 | D91: 260 | E91: 30 | F91: 45 | G91: 0.12 | H91: =F91*E91*D91 -> 351000 | I91: Màquina perclor ( VAIOC ) | J91: 0.4 | K91: =IFERROR((VLOOKUP(I91,'DADES VOLUMS'!$A$3:$J$1005,5,FALSE))/(('CÀLCUL QUANTITATS VOLUM'!H91)*('CÀLCUL QUANTITATS VOLUM'!J91)),"") -> 1282.0513 | L91: =IFERROR(G91*K91*VLOOKUP(I91,'DADES VOLUMS'!$A$3:$J$1005,6,FALSE),"") -> 153.84615 | M91: =IFERROR(IF(L91>VLOOKUP(I91,'DADES VOLUMS'!$A$3:$J$1005,9,FALSE),VLOOKUP(I91,'DADES VOLUMS'!$A$3:$J$1005,9,FALSE),L91),"") -> 153.84615 | N91: =IFERROR(K91*M91/L91,"") -> 1282.0513 | O91: =IFERROR(N91*VLOOKUP(I91,'DADES VOLUMS'!$A$3:$J$1005,6,FALSE),"") -> 1282.0513 | P91: =IFERROR(O91*VLOOKUP(I91,'DADES VOLUMS'!$A$3:$J$1005,8,FALSE),"") -> 6410.2564 | Q91: =IFERROR(C91/P91/5400,"") -> 0
B92: 51006224 | D92: 260 | E92: 30 | F92: 45 | G92: 0.12 | H92: =F92*E92*D92 -> 351000 | I92: Escandall SOME | Q92: =IFERROR(C92/P92/5400,"")
B93: 51005860A | D93: 34 | E93: 17 | F93: 5 | G93: 0.0034 | H93: =F93*E93*D93 -> 2890 | I93: Màquina perclor ( VAIOC ) | J93: 1 | K93: =IFERROR((VLOOKUP(I93,'DADES VOLUMS'!$A$3:$J$1005,5,FALSE))/(('CÀLCUL QUANTITATS VOLUM'!H93)*('CÀLCUL QUANTITATS VOLUM'!J93)),"") -> 62283.737 | L93: =IFERROR(G93*K93*VLOOKUP(I93,'DADES VOLUMS'!$A$3:$J$1005,6,FALSE),"") -> 211.76471 | M93: =IFERROR(IF(L93>VLOOKUP(I93,'DADES VOLUMS'!$A$3:$J$1005,9,FALSE),VLOOKUP(I93,'DADES VOLUMS'!$A$3:$J$1005,9,FALSE),L93),"") -> 211.76471 | N93: =IFERROR(K93*M93/L93,"") -> 62283.737 | O93: =IFERROR(N93*VLOOKUP(I93,'DADES VOLUMS'!$A$3:$J$1005,6,FALSE),"") -> 62283.737 | P93: =IFERROR(O93*VLOOKUP(I93,'DADES VOLUMS'!$A$3:$J$1005,8,FALSE),"") -> 311418.69 | Q93: =IFERROR(C93/P93/5400,"") -> 0
B94: 5724647 | D94: 155 | E94: 58 | F94: 45 | G94: 0.0772 | H94: =F94*E94*D94 -> 404550 | I94: Ref 3412 | J94: 1.2 | K94: =IFERROR((VLOOKUP(I94,'DADES VOLUMS'!$A$3:$J$1005,5,FALSE))/(('CÀLCUL QUANTITATS VOLUM'!H94)*('CÀLCUL QUANTITATS VOLUM'!J94)),"") -> 21.040044 | L94: =IFERROR(G94*K94*VLOOKUP(I94,'DADES VOLUMS'!$A$3:$J$1005,6,FALSE),"") -> 1.6242914 | M94: =IFERROR(IF(L94>VLOOKUP(I94,'DADES VOLUMS'!$A$3:$J$1005,9,FALSE),VLOOKUP(I94,'DADES VOLUMS'!$A$3:$J$1005,9,FALSE),L94),"") -> 0 | N94: =IFERROR(K94*M94/L94,"") -> 0 | O94: =IFERROR(N94*VLOOKUP(I94,'DADES VOLUMS'!$A$3:$J$1005,6,FALSE),"") -> 0 | P94: =IFERROR(O94*VLOOKUP(I94,'DADES VOLUMS'!$A$3:$J$1005,8,FALSE),"") -> 0 | Q94: =IFERROR(C94/P94/5400,"")
A95: 280/23 | B95: 665111200C | C95: 210000 | D95: 50 | E95: 22 | F95: 25 | G95: 0.0103 | H95: =F95*E95*D95 -> 27500 | I95: Ref 3413 | J95: 1.2 | K95: =IFERROR((VLOOKUP(I95,'DADES VOLUMS'!$A$3:$J$1005,5,FALSE))/(('CÀLCUL QUANTITATS VOLUM'!H95)*('CÀLCUL QUANTITATS VOLUM'!J95)),"") -> 498.75 | L95: =IFERROR(G95*K95*VLOOKUP(I95,'DADES VOLUMS'!$A$3:$J$1005,6,FALSE),"") -> 5.137125 | M95: =IFERROR(IF(L95>VLOOKUP(I95,'DADES VOLUMS'!$A$3:$J$1005,9,FALSE),VLOOKUP(I95,'DADES VOLUMS'!$A$3:$J$1005,9,FALSE),L95),"") -> 0 | N95: =IFERROR(K95*M95/L95,"") -> 0 | O95: =IFERROR(N95*VLOOKUP(I95,'DADES VOLUMS'!$A$3:$J$1005,6,FALSE),"") -> 0 | P95: =IFERROR(O95*VLOOKUP(I95,'DADES VOLUMS'!$A$3:$J$1005,8,FALSE),"") -> 0 | Q95: =IFERROR(C95/P95/5400,"")
A96: 285/23 | B96: 66190592C | C96: 1200000 | D96: 73 | E96: 69 | F96: 12 | G96: 0.09398 | H96: =F96*E96*D96 -> 60444 | I96: KPM 800 MAX - Neteja partícules | J96: 1.2 | K96: =IFERROR((VLOOKUP(I96,'DADES VOLUMS'!$A$3:$J$1005,5,FALSE))/(('CÀLCUL QUANTITATS VOLUM'!H96)*('CÀLCUL QUANTITATS VOLUM'!J96)),"") -> 1323.5391 | L96: =IFERROR(G96*K96*VLOOKUP(I96,'DADES VOLUMS'!$A$3:$J$1005,6,FALSE),"") -> 373.15863 | M96: =IFERROR(IF(L96>VLOOKUP(I96,'DADES VOLUMS'!$A$3:$J$1005,9,FALSE),VLOOKUP(I96,'DADES VOLUMS'!$A$3:$J$1005,9,FALSE),L96),"") -> 373.15863 | N96: =IFERROR(K96*M96/L96,"") -> 1323.5391 | O96: =IFERROR(N96*VLOOKUP(I96,'DADES VOLUMS'!$A$3:$J$1005,6,FALSE),"") -> 3970.6174 | P96: =IFERROR(O96*VLOOKUP(I96,'DADES VOLUMS'!$A$3:$J$1005,8,FALSE),"") -> 9926.5436 | Q96: =IFERROR(C96/P96/5400,"") -> 0.022386667
A97: 286/23 | B97: 623310700B | C97: 1850000 | D97: 73 | E97: 69 | F97: 12 | G97: 0.08349 | H97: =F97*E97*D97 -> 60444 | I97: KPM 800 MAX - Neteja partícules | J97: 1.2 | K97: =IFERROR((VLOOKUP(I97,'DADES VOLUMS'!$A$3:$J$1005,5,FALSE))/(('CÀLCUL QUANTITATS VOLUM'!H97)*('CÀLCUL QUANTITATS VOLUM'!J97)),"") -> 1323.5391 | L97: =IFERROR(G97*K97*VLOOKUP(I97,'DADES VOLUMS'!$A$3:$J$1005,6,FALSE),"") -> 331.50685 | M97: =IFERROR(IF(L97>VLOOKUP(I97,'DADES VOLUMS'!$A$3:$J$1005,9,FALSE),VLOOKUP(I97,'DADES VOLUMS'!$A$3:$J$1005,9,FALSE),L97),"") -> 331.50685 | N97: =IFERROR(K97*M97/L97,"") -> 1323.5391 | O97: =IFERROR(N97*VLOOKUP(I97,'DADES VOLUMS'!$A$3:$J$1005,6,FALSE),"") -> 3970.6174 | P97: =IFERROR(O97*VLOOKUP(I97,'DADES VOLUMS'!$A$3:$J$1005,8,FALSE),"") -> 9926.5436 | Q97: =IFERROR(C97/P97/5400,"") -> 0.034512778
A98: 287/23 | B98: 647319000A | C98: 100000 | D98: 68 | E98: 68 | F98: 12 | G98: 0.06734 | H98: =F98*E98*D98 -> 55488 | I98: KPM 800 MAX - Neteja partícules | J98: 1.2 | K98: =IFERROR((VLOOKUP(I98,'DADES VOLUMS'!$A$3:$J$1005,5,FALSE))/(('CÀLCUL QUANTITATS VOLUM'!H98)*('CÀLCUL QUANTITATS VOLUM'!J98)),"") -> 1441.7532 | L98: =IFERROR(G98*K98*VLOOKUP(I98,'DADES VOLUMS'!$A$3:$J$1005,6,FALSE),"") -> 291.26298 | M98: =IFERROR(IF(L98>VLOOKUP(I98,'DADES VOLUMS'!$A$3:$J$1005,9,FALSE),VLOOKUP(I98,'DADES VOLUMS'!$A$3:$J$1005,9,FALSE),L98),"") -> 291.26298 | N98: =IFERROR(K98*M98/L98,"") -> 1441.7532 | O98: =IFERROR(N98*VLOOKUP(I98,'DADES VOLUMS'!$A$3:$J$1005,6,FALSE),"") -> 4325.2595 | P98: =IFERROR(O98*VLOOKUP(I98,'DADES VOLUMS'!$A$3:$J$1005,8,FALSE),"") -> 10813.149 | Q98: =IFERROR(C98/P98/5400,"") -> 0.0017125926
A99: 352/23 | B99: A030L182 | C99: 402153 | D99: 244 | E99: 179.7 | F99: 10 | G99: 0.0907 | H99: =F99*E99*D99 -> 438468 | I99: Màquina neteja partícules | J99: 1 | K99: =IFERROR((VLOOKUP(I99,'DADES VOLUMS'!$A$3:$J$1005,5,FALSE))/(('CÀLCUL QUANTITATS VOLUM'!H99)*('CÀLCUL QUANTITATS VOLUM'!J99)),"") -> 84.669805 | L99: =IFERROR(G99*K99*VLOOKUP(I99,'DADES VOLUMS'!$A$3:$J$1005,6,FALSE),"") -> 15.359103 | M99: =IFERROR(IF(L99>VLOOKUP(I99,'DADES VOLUMS'!$A$3:$J$1005,9,FALSE),VLOOKUP(I99,'DADES VOLUMS'!$A$3:$J$1005,9,FALSE),L99),"") -> 0 | N99: =IFERROR(K99*M99/L99,"") -> 0 | O99: =IFERROR(N99*VLOOKUP(I99,'DADES VOLUMS'!$A$3:$J$1005,6,FALSE),"") -> 0 | P99: =IFERROR(O99*VLOOKUP(I99,'DADES VOLUMS'!$A$3:$J$1005,8,FALSE),"") -> 0 | Q99: =IFERROR(C99/P99/5400,"")
A100: 348/23 | B100: 6646963 | C100: 440000 | D100: 148.3 | E100: 54.5 | F100: 73 | G100: 0.1126 | H100: =F100*E100*D100 -> 590011.55 | I100: Màquina perclor ( VAIOC ) | J100: 1 | K100: =IFERROR((VLOOKUP(I100,'DADES VOLUMS'!$A$3:$J$1005,5,FALSE))/(('CÀLCUL QUANTITATS VOLUM'!H100)*('CÀLCUL QUANTITATS VOLUM'!J100)),"") -> 305.07877 | L100: =IFERROR(G100*K100*VLOOKUP(I100,'DADES VOLUMS'!$A$3:$J$1005,6,FALSE),"") -> 34.35187 | M100: =IFERROR(IF(L100>VLOOKUP(I100,'DADES VOLUMS'!$A$3:$J$1005,9,FALSE),VLOOKUP(I100,'DADES VOLUMS'!$A$3:$J$1005,9,FALSE),L100),"") -> 34.35187 | N100: =IFERROR(K100*M100/L100,"") -> 305.07877 | O100: =IFERROR(N100*VLOOKUP(I100,'DADES VOLUMS'!$A$3:$J$1005,6,FALSE),"") -> 305.07877 | P100: =IFERROR(O100*VLOOKUP(I100,'DADES VOLUMS'!$A$3:$J$1005,8,FALSE),"") -> 1525.3939 | Q100: =IFERROR(C100/P100/5400,"") -> 0.053416684
A101: 348/23 | B101: 6646963 | C101: 440000 | D101: 148.3 | E101: 54.5 | F101: 73 | G101: 0.1126 | H101: =F101*E101*D101 -> 590011.55 | I101: Ref 3413 | J101: 0.7 | K101: =IFERROR((VLOOKUP(I101,'DADES VOLUMS'!$A$3:$J$1005,5,FALSE))/(('CÀLCUL QUANTITATS VOLUM'!H101)*('CÀLCUL QUANTITATS VOLUM'!J101)),"") -> 39.850915 | L101: =IFERROR(G101*K101*VLOOKUP(I101,'DADES VOLUMS'!$A$3:$J$1005,6,FALSE),"") -> 4.487213 | M101: =IFERROR(IF(L101>VLOOKUP(I101,'DADES VOLUMS'!$A$3:$J$1005,9,FALSE),VLOOKUP(I101,'DADES VOLUMS'!$A$3:$J$1005,9,FALSE),L101),"") -> 0 | N101: =IFERROR(K101*M101/L101,"") -> 0 | O101: =IFERROR(N101*VLOOKUP(I101,'DADES VOLUMS'!$A$3:$J$1005,6,FALSE),"") -> 0 | P101: =IFERROR(O101*VLOOKUP(I101,'DADES VOLUMS'!$A$3:$J$1005,8,FALSE),"") -> 0 | Q101: =IFERROR(C101/P101/5400,"")
A102: 349/23 | B102: 665593800 | C102: 440000 | D102: 45 | E102: 31 | F102: 12 | G102: 0.01185 | H102: =F102*E102*D102 -> 16740 | I102: Ref 3413 | J102: 1.2 | K102: =IFERROR((VLOOKUP(I102,'DADES VOLUMS'!$A$3:$J$1005,5,FALSE))/(('CÀLCUL QUANTITATS VOLUM'!H102)*('CÀLCUL QUANTITATS VOLUM'!J102)),"") -> 819.33244 | L102: =IFERROR(G102*K102*VLOOKUP(I102,'DADES VOLUMS'!$A$3:$J$1005,6,FALSE),"") -> 9.7090894 | M102: =IFERROR(IF(L102>VLOOKUP(I102,'DADES VOLUMS'!$A$3:$J$1005,9,FALSE),VLOOKUP(I102,'DADES VOLUMS'!$A$3:$J$1005,9,FALSE),L102),"") -> 0 | N102: =IFERROR(K102*M102/L102,"") -> 0 | O102: =IFERROR(N102*VLOOKUP(I102,'DADES VOLUMS'!$A$3:$J$1005,6,FALSE),"") -> 0 | P102: =IFERROR(O102*VLOOKUP(I102,'DADES VOLUMS'!$A$3:$J$1005,8,FALSE),"") -> 0 | Q102: =IFERROR(C102/P102/5400,"")
A103: 358/23 | B103: BUSBAR CELL | C103: 25000000 | D103: 64 | E103: 61 | F103: 4.2 | G103: 0.00991 | H103: =F103*E103*D103 -> 16396.8 | I103: KPM 800 MAX - Neteja partícules | J103: 1 | K103: =IFERROR((VLOOKUP(I103,'DADES VOLUMS'!$A$3:$J$1005,5,FALSE))/(('CÀLCUL QUANTITATS VOLUM'!H103)*('CÀLCUL QUANTITATS VOLUM'!J103)),"") -> 5854.8009 | L103: =IFERROR(G103*K103*VLOOKUP(I103,'DADES VOLUMS'!$A$3:$J$1005,6,FALSE),"") -> 174.06323 | M103: =IFERROR(IF(L103>VLOOKUP(I103,'DADES VOLUMS'!$A$3:$J$1005,9,FALSE),VLOOKUP(I103,'DADES VOLUMS'!$A$3:$J$1005,9,FALSE),L103),"") -> 174.06323 | N103: =IFERROR(K103*M103/L103,"") -> 5854.8009 | O103: =IFERROR(N103*VLOOKUP(I103,'DADES VOLUMS'!$A$3:$J$1005,6,FALSE),"") -> 17564.403 | P103: =IFERROR(O103*VLOOKUP(I103,'DADES VOLUMS'!$A$3:$J$1005,8,FALSE),"") -> 43911.007 | Q103: =IFERROR(C103/P103/5400,"") -> 0.1054321
A104: 358/23 | B104: BUSBAR NEGATIVE | C104: 800000 | D104: 64.5 | E104: 51 | F104: 4.2 | G104: 0.00755 | H104: =F104*E104*D104 -> 13815.9 | I104: KPM 800 MAX - Neteja partícules | J104: 1 | K104: =IFERROR((VLOOKUP(I104,'DADES VOLUMS'!$A$3:$J$1005,5,FALSE))/(('CÀLCUL QUANTITATS VOLUM'!H104)*('CÀLCUL QUANTITATS VOLUM'!J104)),"") -> 6948.5158 | L104: =IFERROR(G104*K104*VLOOKUP(I104,'DADES VOLUMS'!$A$3:$J$1005,6,FALSE),"") -> 157.38388 | M104: =IFERROR(IF(L104>VLOOKUP(I104,'DADES VOLUMS'!$A$3:$J$1005,9,FALSE),VLOOKUP(I104,'DADES VOLUMS'!$A$3:$J$1005,9,FALSE),L104),"") -> 157.38388 | N104: =IFERROR(K104*M104/L104,"") -> 6948.5158 | O104: =IFERROR(N104*VLOOKUP(I104,'DADES VOLUMS'!$A$3:$J$1005,6,FALSE),"") -> 20845.548 | P104: =IFERROR(O104*VLOOKUP(I104,'DADES VOLUMS'!$A$3:$J$1005,8,FALSE),"") -> 52113.869 | Q104: =IFERROR(C104/P104/5400,"") -> 0.0028427778
A105: 358/23 | B105: BUSBAR POSITIVE | C105: 800000 | D105: 64.5 | E105: 51 | F105: 4.2 | G105: 0.00759 | H105: =F105*E105*D105 -> 13815.9 | I105: KPM 800 MAX - Neteja partícules | J105: 1 | K105: =IFERROR((VLOOKUP(I105,'DADES VOLUMS'!$A$3:$J$1005,5,FALSE))/(('CÀLCUL QUANTITATS VOLUM'!H105)*('CÀLCUL QUANTITATS VOLUM'!J105)),"") -> 6948.5158 | L105: =IFERROR(G105*K105*VLOOKUP(I105,'DADES VOLUMS'!$A$3:$J$1005,6,FALSE),"") -> 158.21771 | M105: =IFERROR(IF(L105>VLOOKUP(I105,'DADES VOLUMS'!$A$3:$J$1005,9,FALSE),VLOOKUP(I105,'DADES VOLUMS'!$A$3:$J$1005,9,FALSE),L105),"") -> 158.21771 | N105: =IFERROR(K105*M105/L105,"") -> 6948.5158 | O105: =IFERROR(N105*VLOOKUP(I105,'DADES VOLUMS'!$A$3:$J$1005,6,FALSE),"") -> 20845.548 | P105: =IFERROR(O105*VLOOKUP(I105,'DADES VOLUMS'!$A$3:$J$1005,8,FALSE),"") -> 52113.869 | Q105: =IFERROR(C105/P105/5400,"") -> 0.0028427778
...

Sheet Recollida dades VAIOC
B1: RECOLLIDA DADES DESENGREIX VAIOC
B2: Referència | C2: Quantitat gàbia | D2: Programa | E2: Temps cicle (min) | F2: Foto (X) | G2: Comentari
B3: 51006612 | C3: 350
B4: 51006731 | C4: 600
B5: 51006224
B39: *Avisar a preparador per fer foto de la gàbia plena. Servirà per crear les especificacions de preparació.

Sheet PLANTILLA
B2: DADES PEÇA | M2: Màquina
B3: INFO COMERCIAL | E3: CARACTERÍSTIQUES FÍSIQUES PEÇA | M3: Màquina neteja partícules
B4: Oferta | C4: Ref | D4: Volum anual | E4: a(mm) | F4: b(mm) | G4: h(mm) | H4: Pes net peça (kg) | I4: V(mm3) | J4: Coef. Seguretat
B5: 298/232 | C5: A0057D0650 | D5: 400000 | E5: 244 | F5: 180 | G5: 10 | H5: 0.09 | I5: =E5*F5*G5 -> 439200 | J5: 0.7
C7: REQUERIMENTS PEÇA | E7: PRESTACIONS MÀQUINA | K7: PRODUCTIVITAT
B8: DESENGREIX (N·m-1) | K8: Prod/h real | L8: Càrrega màquina
B9: Tensió superficial | C9: 32 | E9: 38 | G9: =IF(C9<E9, "FACTIBLE", "NO FACTIBLE") -> FACTIBLE | K9: =IFERROR(VLOOKUP(PLANTILLA!$M$3,'DADES VOLUMS'!$A$3:$J$1005,9,FALSE)/(PLANTILLA!I5/J5),"ERROR") -> 0 | L9: =IFERROR(D5/K9/5400,"")
B11: NETEJA | C11: Important mantenir un baix nivell de rebava a la peça o matar canto, principal font de generació de partícules.
B12: Mida partícula (µm)
A13: H | B13: Hard Metallic | C13: 400 | E13: 399 | G13: =IF(C13>E13, "FACTIBLE", "NO FACTIBLE") -> FACTIBLE | I13: =IF(G13="NO FACTIBLE","",IF(C13<250, "CAL COL·LOCAR LES PECES BÉ A LA GÀBIA", "ES POT NETEJAR A BULK" )) -> ES POT NETEJAR A BULK
A14: I | B14: Hard Non-Metallic | C14: 600 | E14: 399 | G14: =IF(C14>E14, "FACTIBLE", "NO FACTIBLE") -> FACTIBLE | I14: =IF(C14<250, "CAL COL·LOCAR LES PECES BÉ A LA GÀBIA", "ES POT NETEJAR A BULK" ) -> ES POT NETEJAR A BULK
A15: J | B15: Fibres | C15: 1000 | E15: 499 | G15: =IF(C15>E15, "FACTIBLE", "NO FACTIBLE") -> FACTIBLE | I15: =IF(G15="NO FACTIBLE","",IF(C15<500, "REQUEREIX DE SALA GRIS",""))
B16: Gravimetria
B17: Residu en mg/100g | C17: 2 | G17: =IF(C17>E17, "FACTIBLE", "NO FACTIBLE") -> FACTIBLE
B19: Una peça pot quedar encapsulada dins d'una altre? (SI/NO) | G19: NO | H19: =IF(G19="SI","CAL COL·LOCAR LES PECES BÉ A LA GÀBIA","")
B21: OLIAT
B22: SI/NO | C22: NO | E22: SI | G22: =IF(E22="si","FACTIBLE",IF(C22="SI","NO FACTIBLE","FACTIBLE")) -> FACTIBLE

Sheet DADES VOLUMS
K1: N·m-1 | L1: Mida partícula (µm) | O1: Gravimetria | P1: Oliat
B2: a(mm) | C2: b(mm) | D2: h(mm) | E2: V gàbia(mm3) | F2: Nºgàbies | G2: V cicle (mm3) | H2: Nºcicles/h | I2: V/h (mm3) | J2: Capacitat en kg | K2: Tensió superficial | L2: Hard Metallic | M2: Hard Non-Metallic | N2: Fibres | O2: Residu en mg/100g peça | P2: SI/NO | Q2: Revisió
A3: Màquina neteja partícules | B3: 300 | C3: 450 | D3: 275 | E3: =B3*C3*D3 -> 37125000 | F3: 2 | G3: =E3*F3 -> 74250000 | H3: 3 | J3: 200 | Q3: 44274
A4: Màquina neteja partícules gran | B4: 300 | C4: 450 | D4: 275 | E4: =B4*C4*D4 -> 37125000 | F4: 4 | G4: =E4*F4 -> 148500000 | H4: 3 | J4: 200
A5: Màquina perclor ( VAIOC ) | B5: 1000 | C5: 450 | D5: 400 | E5: =B5*C5*D5 -> 180000000 | F5: 1 | G5: =E5*F5 -> 180000000 | H5: 5 | I5: =G5*H5 -> 900000000 | J5: 60 | L5: 400 | N5: 500
A6: KPM 800 MAX - Desengreix | B6: 600 | C6: 400 | D6: 400 | E6: =B6*C6*D6 -> 96000000 | F6: 3 | G6: =E6*F6 -> 288000000 | H6: 4 | I6: =G6*H6 -> 1152000000 | J6: 100000000
A7: KPM 800 MAX - Neteja partícules | B7: 600 | C7: 400 | D7: 400 | E7: =B7*C7*D7 -> 96000000 | F7: 3 | G7: =E7*F7 -> 288000000 | H7: 2.5 | I7: =G7*H7 -> 720000000 | J7: 100000000 | K7: 38 | L7: 400 | M7: 400 | N7: 500 | O7: 0.2 | P7: SI
A8: KPM 800 MAX - Oliat | B8: 600 | C8: 400 | D8: 400 | E8: =B8*C8*D8 -> 96000000 | F8: 3 | G8: =E8*F8 -> 288000000 | H8: 3 | I8: =G8*H8 -> 864000000 | J8: 100000000
A9: Màquina S525 | B9: 300 | C9: 450 | D9: 150 | E9: =B9*C9*D9 -> 20250000 | F9: 4 | G9: =E9*F9 -> 81000000 | H9: 4 | J9: 30
A10: Màquina KSW | E10: =B10*C10*D10 -> 0
A11: 181 | B11: 255 | C11: 185 | D11: 164 | E11: =B11*C11*D11 -> 7736700 | F11: 1 | J11: 10
A12: 184 | B12: 595 | C12: 395 | D12: 145 | E12: =B12*C12*D12 -> 34078625 | F12: 1 | J12: 10
A13: 185 | B13: 590 | C13: 390 | D13: 300 | E13: =B13*C13*D13 -> 69030000 | F13: 1 | J13: 10
A14: B1 | B14: 600 | C14: 400 | D14: 210 | E14: =B14*C14*D14 -> 50400000 | F14: 1 | J14: 10
A15: B2 | B15: 390 | C15: 300 | D15: 120 | E15: =B15*C15*D15 -> 14040000 | F15: 1 | J15: 10
A16: B3 | B16: 300 | C16: 450 | D16: 100 | E16: =B16*C16*D16 -> 13500000 | F16: 1 | J16: 12
A17: Ref 1572 | B17: 385 | C17: 285 | D17: 190 | E17: =B17*C17*D17 -> 20847750 | F17: 1 | J17: 10
A18: Ref 2263 | B18: 385 | C18: 285 | D18: 150 | E18: =B18*C18*D18 -> 16458750 | F18: 1 | J18: 10
A19: Ref 2753 | B19: 385 | C19: 285 | D19: 95 | E19: =B19*C19*D19 -> 10423875 | F19: 1 | J19: 10
A20: Ref 3118 | B20: 590 | C20: 390 | D20: 150 | E20: =B20*C20*D20 -> 34515000 | F20: 1 | J20: 10
A21: Ref 3411 | B21: 385 | C21: 285 | D21: 80 | E21: =B21*C21*D21 -> 8778000 | F21: 1 | J21: 10
A22: Ref 3412 | B22: 390 | C22: 291 | D22: 90 | E22: =B22*C22*D22 -> 10214100 | F22: 1 | J22: 10
A23: Ref 3413 | B23: 385 | C23: 285 | D23: 150 | E23: =B23*C23*D23 -> 16458750 | F23: 1 | J23: 10
A24: Ref 3414 | B24: 390 | C24: 291 | D24: 210 | E24: =B24*C24*D24 -> 23832900 | F24: 1 | J24: 10
A25: Ref 3414 SOGEFI | B25: 385 | C25: 265 | D25: 190 | E25: =B25*C25*D25 -> 19384750 | F25: 1 | J25: 12
... A30: Heson | B30: 1000 | C30: 800 | D30: 500 | E30: =B30*C30*D30 -> 400000000 | F30: 1 | J30: 2000
A31: SAP | E31: =B31*C31*D31 -> 0
A32: Escandall SOME | E32: =B32*C32*D32 -> 0
E33: =B33*C33*D33 -> 0
E34: =B34*C34*D34 -> 0
E35: =B35*C35*D35 -> 0
E36: =B36*C36*D36 -> 0
E37: =B37*C37*D37 -> 0
E38: =B38*C38*D38 -> 0
E39: =B39*C39*D39 -> 0
E40: =B40*C40*D40 -> 0
E41: =B41*C41*D41 -> 0
E42: =B42*C42*D42 -> 0
E43: =B43*C43*D43 -> 0
E44: =B44*C44*D44 -> 0
... E180: =B180*C180*D180 -> 0
